--Data to populate the database for the web application KETA

-- jcanalesrecepciones

INSERT INTO public.jcanalesrecepciones (codigocanalrecepcion,descripcioncanalrecepcion,fecharegistro) VALUES
	 ('T','Call Center',NULL),
	 ('P','Presencial',NULL),
	 ('W','Web',NULL),
	 ('R','Social',NULL),
	 ('B','Buzon de Sugerencia',NULL);

-- jcargos

INSERT INTO public.jcargos (codigocargo,descripcioncargo,fecharegistro) VALUES
	 ('G050001','GERENTE GENERAL','2023-11-16 12:09:36.549201-05'),
	 ('G050002','SECRETARIA GENERAL','2023-11-16 12:09:36.549201-05'),
	 ('G050003','SUBGERENCIA OPERATIVA','2023-11-16 12:09:36.549201-05'),
	 ('G050004','DIRECCION ADMINISTRATIVA FINANCIERA','2023-11-16 12:09:36.549201-05'),
	 ('G050005','TECNOLOGICA DE LA INFORMACION','2023-11-16 12:09:36.549201-05'),
	 ('G050006','DIRECCION DE NEGOCIOS FINANCIEROS Y OPERACIONES','2023-11-16 12:09:36.549201-05'),
	 ('G050007','DIRECCION TRANSPARENCIA DE INFORMACION','2023-11-16 12:09:36.549201-05'),
	 ('G050008','JEFE DEPARTAMENTO LEGAL','2023-11-16 12:09:36.549201-05'),
	 ('G050022','SUPERVISOR DE PROCESOS','2023-11-16 12:09:36.549201-05'),
	 ('G050033','JEFE DE TALENTO HUMANO','2023-11-16 12:09:36.549201-05');
INSERT INTO public.jcargos (codigocargo,descripcioncargo,fecharegistro) VALUES
	 ('G050034','ASISTENTE RECURSOS HUMANOS','2023-11-16 12:09:36.549201-05'),
	 ('G050035','MARKETING','2023-11-16 12:09:36.549201-05'),
	 ('G050036','JEFE DE INVERSIONES','2023-11-16 12:09:36.549201-05'),
	 ('G050037','EJECUTIVO DE CAPTACIONES','2023-11-16 12:09:36.549201-05'),
	 ('G050038','JEFE DE SSO','2023-11-16 12:09:36.549201-05'),
	 ('G050039','ASESORES_AFINES','2023-11-16 12:09:36.549201-05'),
	 ('G050040','ASISTENTE_AYUDANTE_AUXILIAR ADMINISTRATIVO','2023-11-16 12:09:36.549201-05'),
	 ('G050041','ASISTENTE DEPARTAMENTO JURIDICO','2023-11-16 12:09:36.549201-05'),
	 ('G050042','OFICIAL DE CUMPLIMIENTO SUPLENTE','2023-11-16 12:09:36.549201-05'),
	 ('G050043','RESPONSABLE DE ACTIVOS FIJOS','2023-11-16 12:09:36.549201-05');
INSERT INTO public.jcargos (codigocargo,descripcioncargo,fecharegistro) VALUES
	 ('G050044','ASISTENTE DE ARCHIVO','2023-11-16 12:09:36.549201-05'),
	 ('G050045','SUPERVISOR DE COBRANZA','2023-11-16 12:09:36.549201-05'),
	 ('G050047','SERVICIOS GENERALES','2023-11-16 12:09:36.549201-05'),
	 ('G050048','JEFE DE CAJAS','2023-11-16 12:09:36.549201-05'),
	 ('G050049','JEFE OPERATIVO','2023-11-16 12:09:36.549201-05'),
	 ('G050050','JEFE DE NEGOCIOS','2023-11-16 12:09:36.549201-05'),
	 ('G050051','ANALISTA DE CREDITO','2023-11-16 12:09:36.549201-05'),
	 ('G050052','COORDINADOR DE CREDITOS','2023-11-16 12:09:36.549201-05'),
	 ('G050053','SUPERVISOR DE EJECUTIVOS','2023-11-16 12:09:36.549201-05'),
	 ('G050054','SEGURIDAD FISICA','2023-11-16 12:09:36.549201-05');
INSERT INTO public.jcargos (codigocargo,descripcioncargo,fecharegistro) VALUES
	 ('G050055','JEFE DE SEGURIDAD DE LA INFORMACION','2023-11-16 12:09:36.549201-05'),
	 ('G050056','ASISTENTE DE GERENCIA','2023-11-16 12:09:36.549201-05'),
	 ('G050057','COORDINADOR DE SS.GG','2023-11-16 12:09:36.549201-05'),
	 ('G050058','CAJERO(A)','2023-11-16 12:09:36.549201-05'),
	 ('G050059','ASISTENTE DE TESORERIA','2023-11-16 12:09:36.549201-05'),
	 ('G050060','RESPONSABLE DE ARCHIVO','2023-11-16 12:09:36.549201-05'),
	 ('G050061','ASISTENTE DE ACTIVOS FIJOS','2023-11-16 12:09:36.549201-05'),
	 ('G050062','SECRETARIA DE GERENCIA','2023-11-16 12:09:36.549201-05'),
	 ('G050063','JEFE DE RIESGOS','2023-11-16 12:09:36.549201-05'),
	 ('G050064','ASESOR JURIDICO','2023-11-16 12:09:36.549201-05');
INSERT INTO public.jcargos (codigocargo,descripcioncargo,fecharegistro) VALUES
	 ('G050065','EJECUTIVO COMERCIAL','2023-11-16 12:09:36.549201-05'),
	 ('G050066','AUXILIAR DE COBRANZA','2023-11-16 12:09:36.549201-05'),
	 ('G050067','ASISTENTE DE CALL CENTER','2023-11-16 12:09:36.549201-05'),
	 ('G050068','PROGRAMADOR WEB','2023-11-16 12:09:36.549201-05'),
	 ('G050069','ASISTENTE DE COACTIVAS','2023-11-16 12:09:36.549201-05'),
	 ('G050070','COORDINADOR DE SEGURIDAD FISICA','2023-11-16 12:09:36.549201-05'),
	 ('G050072','RESPONSABLE DE COACTIVAS','2023-11-16 12:09:36.549201-05'),
	 ('G050073','SUPERVISOR DE CAJA','2023-11-16 12:09:36.549201-05'),
	 ('G050074','SUPERVISOR GENERAL','2023-11-16 12:09:36.549201-05'),
	 ('G050075','JEFE DE PROCESOS','2023-11-16 12:09:36.549201-05');
INSERT INTO public.jcargos (codigocargo,descripcioncargo,fecharegistro) VALUES
	 ('G050076','SEGURIDAD INTERNA','2023-11-16 12:09:36.549201-05'),
	 ('G050077','RESPONSABLE DE HIPOTECAS','2023-11-16 12:09:36.549201-05'),
	 ('G050078','ASISTENTE DE SECRETARIA','2023-11-16 12:09:36.549201-05'),
	 ('G050079','COORDINADOR DE COMUNICACION','2023-11-16 12:09:36.549201-05'),
	 ('G050080','COORDINADOR DE CAJA','2023-11-16 12:09:36.549201-05'),
	 ('G050081','RESPONSABILIDAD SOCIAL','2023-11-16 12:09:36.549201-05'),
	 ('G050082','MEDICO OCUPACIONAL','2023-11-16 12:09:36.549201-05'),
	 ('G050083','ENFERMERO(A)','2023-11-16 12:09:36.549201-05'),
	 ('G050084','TRABAJADOR SOCIAL','2023-11-16 12:09:36.549201-05'),
	 ('G050085','ASISTENTE DE PROCESOS','2023-11-16 12:09:36.549201-05');
INSERT INTO public.jcargos (codigocargo,descripcioncargo,fecharegistro) VALUES
	 ('G050086','JEFE DE ACTIVOS FIJOS','2023-11-16 12:09:36.549201-05'),
	 ('G050087','EJECUTIVO DE CAPTACIONES INTERNACIONALES','2023-11-16 12:09:36.549201-05'),
	 ('G050088','JEFE DE COBRANZA 1','2023-11-16 12:09:36.549201-05'),
	 ('G050089','JEFE DE COBRANZA 2','2023-11-16 12:09:36.549201-05'),
	 ('G050090','ANALISTA DE CREDITO NACIONAL','2023-11-16 12:09:36.549201-05'),
	 ('G050091','ASISTENTE DE ANALISTA DE CREDITOS','2023-11-16 12:09:36.549201-05'),
	 ('G050092','SUPERVISOR DE COLOCACION Y RECUPERACION','2023-11-16 12:09:36.549201-05'),
	 ('G050093','JEFE DE MEDIOS DE PAGO','2023-11-16 12:09:36.549201-05'),
	 ('G050094','ANALISTA CONTABLE DE TARJETA','2023-11-16 12:09:36.549201-05'),
	 ('G050095','ESPECIALISTA DE OPERACIONES EN MEDIOS DE PAGO','2023-11-16 12:09:36.549201-05');
INSERT INTO public.jcargos (codigocargo,descripcioncargo,fecharegistro) VALUES
	 ('G050096','ANALISTA DE FRAUDES','2023-11-16 12:09:36.549201-05'),
	 ('G050097','ADMINISTRADOR DE SISTEMAS','2023-11-16 12:09:36.549201-05'),
	 ('G050098','ASISTENTE DE SOPORTE TECNICO','2023-11-16 12:09:36.549201-05'),
	 ('G050099','JEFE DE SOPORTE TECNICO','2023-11-16 12:09:36.549201-05'),
	 ('G050009','AUDITOR INTERNO','2023-11-16 12:13:04.792418-05'),
	 ('G050010','ASISTENTE DE AUDITORIA','2023-11-16 12:13:04.820065-05'),
	 ('G050011','OFICIAL DE CUMPLIMIENTO','2023-11-16 12:13:04.834865-05'),
	 ('G050012','ASISTENTE  UNIDAD DE CUMPLIMIENTO','2023-11-16 12:13:04.857315-05'),
	 ('G050013','ANALISTA DE RIESGOS','2023-11-16 12:13:04.883001-05'),
	 ('G050014','JEFE DE AGENCIA','2023-11-16 12:13:04.910667-05');
INSERT INTO public.jcargos (codigocargo,descripcioncargo,fecharegistro) VALUES
	 ('G050015','JEFE DE CREDITO','2023-11-16 12:13:04.920061-05'),
	 ('G050016','SUPERVISORA OPERATIVA DE AGENCIA','2023-11-16 12:13:04.957989-05'),
	 ('G050017','SUPERVISOR  DE AGENCIA','2023-11-16 12:13:04.980959-05'),
	 ('G050018','JEFE FINANCIERO','2023-11-16 12:13:05.02383-05'),
	 ('G050019','TESORERO','2023-11-16 12:13:05.047964-05'),
	 ('G050020','CONTADOR GENERAL','2023-11-16 12:13:05.072071-05'),
	 ('G050021','ASISTENTE CONTABLE','2023-11-16 12:13:05.113204-05'),
	 ('G050023','ASISTENTE DE PROCESOS','2023-11-16 12:13:05.12471-05'),
	 ('G050024','ASISTENTE DE SISTEMAS','2023-11-16 12:13:05.148089-05'),
	 ('G050025','AUXILIAR DE SISTEMAS','2023-11-16 12:13:05.173368-05');
INSERT INTO public.jcargos (codigocargo,descripcioncargo,fecharegistro) VALUES
	 ('G050027','ASISTENTE DE CREDITOS','2023-11-16 12:13:05.886707-05'),
	 ('G050028','CUSTODIO DE VALORES','2023-11-16 12:13:06.195581-05'),
	 ('G050029','ASISTENTE DE MARKETING','2023-11-16 12:13:06.399713-05'),
	 ('G050030','ATENCION AL CLIENTE','2023-11-16 12:13:06.645797-05'),
	 ('G050031','RECIBIDOR PAGADOR','2023-11-16 12:13:07.046211-05'),
	 ('G050032','MENSAJERO','2023-11-16 12:13:08.072642-05'),
	 ('G050100','ADMINISTRADOR DE REDES Y COMUNICACIONES','2023-11-16 12:09:36.549201-05'),
	 ('G050101','TECNOLOGIA DE LA INFORMACION','2023-11-16 12:09:36.549201-05'),
	 ('G050102','JEFE DE CAJA NACIONAL','2023-11-16 12:09:36.549201-05'),
	 ('G050103','RESPONSABLE DE DESEMBOLSO','2023-11-16 12:09:36.549201-05');
INSERT INTO public.jcargos (codigocargo,descripcioncargo,fecharegistro) VALUES
	 ('G050104','ASISTENTE DE CREDITO NACIONAL 1','2023-11-16 12:09:36.549201-05'),
	 ('G050105','ASISTENTE DE CREDITO NACIONAL 2','2023-11-16 12:09:36.549201-05'),
	 ('G050071','DISEÑADOR GRAFICO','2023-11-16 12:11:18.139471-05'),
	 ('G050026','EJECUTIVO DE CREDITO','2023-11-16 12:13:05.812696-05');

--jclasestarjetas

INSERT INTO public.jclasestarjetas (codigoclasetarjeta,descripcionclasetarjeta,fecharegistro) VALUES
	 ('I',' Individual','2023-12-11 11:43:40.803167-05'),
	 ('C','Corporativa','2023-12-11 11:43:40.803167-05');

--jclasificacionesresoluciones

INSERT INTO public.jclasificacionesresoluciones (codigoclasificacionresolucion,descripcionclasificacion,fecharegistro) VALUES
	 ('01','Comisión Especial de Resolución de Conflictos',NULL),
	 ('02','Comite de atencion al cliente',NULL),
	 ('03','Departamento Legal',NULL),
	 ('04','Otros',NULL);

--jconceptos

INSERT INTO public.jconceptos (codigoconcepto,descripcionconcepto,fecharegistro,idtipoproducto) VALUES
	 ('OP01','Cargos por servicios financieros básicos',NULL,1),
	 ('OP02','Servicios financieros con cargos máximos cuyo cobro excede el límite establecido en la norma',NULL,1),
	 ('OP03','Servicios financieros con cargo diferenciado cuyo cobro excede el valor aprobado',NULL,1),
	 ('OP04','Cobros por consumos no autorizados con tarjeta de débito',NULL,1),
	 ('OP05','Cargos en servicios no financieros* que exceden los valores facturados por el prestador del servicio',NULL,1),
	 ('OP06','Cobros por servicios no financieros* que no estén autorizados',NULL,1),
	 ('OP07','Descuentos no autorizados en capital o intereses de certificados de depósitos a plazo fijo',NULL,1),
	 ('TC01','Cargos por servicios financieros básicos',NULL,2),
	 ('TC02','Servicios financieros con cargos máximos cuyo cobro excede el límite establecido en la norma',NULL,2),
	 ('TC03','Servicios financieros con cargo diferenciado cuyo cobro excede el valor aprobado',NULL,2);
INSERT INTO public.jconceptos (codigoconcepto,descripcionconcepto,fecharegistro,idtipoproducto) VALUES
	 ('TC04','Cobros por consumos no autorizados con tarjetas de crédito.',NULL,2),
	 ('TC05','Cargos en servicios no financieros* que exceden los valores facturados por el prestador del servicio',NULL,2),
	 ('TC06','Cobros por servicios no financieros* que no estén autorizados',NULL,2),
	 ('TC07','Emisión de tarjeta de crédito no autorizada',NULL,2),
	 ('TC08','Solicitud de bloqueo no realizada por la entidad',NULL,2),
	 ('CC01','Cargos por servicios financieros básicos',NULL,3),
	 ('CC02','Servicios financieros con cargos máximos cuyo cobro excede el límite establecido en la norma',NULL,3),
	 ('CC03','Servicios financieros con cargo diferenciado cuyo cobro excede el valor aprobado',NULL,3),
	 ('CC04','Cargos en servicios no financieros* que exceden los valores facturados por el prestador del servicio',NULL,3),
	 ('CC05','Cobros por servicios no financieros* que no estén autorizados',NULL,3);
INSERT INTO public.jconceptos (codigoconcepto,descripcionconcepto,fecharegistro,idtipoproducto) VALUES
	 ('CC06','Comisiones o cargos no autorizados en operaciones de crédito',NULL,3),
	 ('CC07','Crédito no autorizado',NULL,3),
	 ('CC08','Falta de registro en pagos de la operación por parte de la entidad',NULL,3),
	 ('CC09','Imposición de castigos por pagos anticipados o negativa a recibir y registrar pagos anticipados',NULL,3),
	 ('CC10','Anatocismo',NULL,3),
	 ('CC11','Cobros por intereses no devengados o superiores a los máximos vigentes',NULL,3);

--jcorporaciones

INSERT INTO public.jcorporaciones (nombrecorporacion,descripcioncorporacion,representantelegal,ruc,direccioncorporacion,telefonocorporacion,status,fechacreacion,fechamodificacion,ipcreacion,ipmodificacion,fecharegistro,idpais) VALUES
	 ('COOPERATIVA DE AHORRO Y CREDITO PILAHUIN TIO LTDA.','INSTITUCION FINANCIERA','EMP. ANGEL ESTEBAN MAZABANDA MOPOCITA','1091720902001','OTAVALO, CALLE SUCRE 1212 ENTRE MORALES Y SALINAS','062999040',true,'2023-11-16 11:57:45.971-05',NULL,NULL,NULL,'2024-03-01 10:07:03.838649-05',1);

--jdepartamentos

INSERT INTO public.jdepartamentos (codigodepartamento,nombredepartamento,status,descripciondepartamento,fechacreacion,fechamodificacion,ipcreacion,ipmodificacion,fecharegistro,idsucursal) VALUES
	 ('G040001','GERENCIA',NULL,'',NULL,NULL,NULL,NULL,'2023-11-17 17:11:36.662762-05',1),
	 ('G040002','SUBGERENCIA OPERATIVA',NULL,'',NULL,NULL,NULL,NULL,'2023-11-17 17:11:36.662762-05',1),
	 ('G040003','DIRECCIONES',NULL,'',NULL,NULL,NULL,NULL,'2023-11-17 17:11:36.662762-05',1),
	 ('G040004','JURIDICO',NULL,'',NULL,NULL,NULL,NULL,'2023-11-17 17:11:36.662762-05',1),
	 ('G040005','AUDITORIA',NULL,'',NULL,NULL,NULL,NULL,'2023-11-17 17:11:36.662762-05',1),
	 ('G040006','CUMPLIMIENTO',NULL,'',NULL,NULL,NULL,NULL,'2023-11-17 17:11:36.662762-05',1),
	 ('G040007','RIESGOS',NULL,'',NULL,NULL,NULL,NULL,'2023-11-17 17:11:36.662762-05',1),
	 ('G040008','JEFATURAS Y SUPERVISORES AGENCIAS',NULL,'',NULL,NULL,NULL,NULL,'2023-11-17 17:11:36.662762-05',1),
	 ('G040009','FINANCIERO',NULL,'',NULL,NULL,NULL,NULL,'2023-11-17 17:11:36.662762-05',1),
	 ('G040010','PROCESOS',NULL,'',NULL,NULL,NULL,NULL,'2023-11-17 17:11:36.662762-05',1);
INSERT INTO public.jdepartamentos (codigodepartamento,nombredepartamento,status,descripciondepartamento,fechacreacion,fechamodificacion,ipcreacion,ipmodificacion,fecharegistro,idsucursal) VALUES
	 ('G040011','SISTEMAS',NULL,'',NULL,NULL,NULL,NULL,'2023-11-17 17:11:36.662762-05',1),
	 ('G040012','CREDITOS Y COBRANZAS',NULL,'',NULL,NULL,NULL,NULL,'2023-11-17 17:11:36.662762-05',1),
	 ('G040013','MARKETING',NULL,'',NULL,NULL,NULL,NULL,'2023-11-17 17:11:36.662762-05',1),
	 ('G040014','SERVICIOS',NULL,'',NULL,NULL,NULL,NULL,'2023-11-17 17:11:36.662762-05',1),
	 ('G040015','CAJAS',NULL,'',NULL,NULL,NULL,NULL,'2023-11-17 17:11:36.662762-05',1),
	 ('G040016','MENSAJERIA',NULL,'',NULL,NULL,NULL,NULL,'2023-11-17 17:11:36.662762-05',1),
	 ('G040017','RECURSOS HUMANOS',NULL,'',NULL,NULL,NULL,NULL,'2023-11-17 17:11:36.662762-05',1),
	 ('G040018','CALL CENTER',NULL,'',NULL,NULL,NULL,NULL,'2023-11-17 17:11:36.662762-05',1),
	 ('G040019','COACTIVAS',NULL,'',NULL,NULL,NULL,NULL,'2023-11-17 17:11:36.662762-05',1),
	 ('G040020','SEGURIDAD FISICA',NULL,'',NULL,NULL,NULL,NULL,'2023-11-17 17:11:36.662762-05',1);
INSERT INTO public.jdepartamentos (codigodepartamento,nombredepartamento,status,descripciondepartamento,fechacreacion,fechamodificacion,ipcreacion,ipmodificacion,fecharegistro,idsucursal) VALUES
	 ('G040021','RESPONSABILIDAD SOCIAL',NULL,'',NULL,NULL,NULL,NULL,'2023-11-17 17:11:36.662762-05',1),
	 ('G040022','ACTIVOS FIJOS',NULL,'',NULL,NULL,NULL,NULL,'2023-11-17 17:11:36.662762-05',1),
	 ('G040023','INVERSIONES',NULL,'',NULL,NULL,NULL,NULL,'2023-11-17 17:11:36.662762-05',1),
	 ('G040001','GERENCIA',NULL,'',NULL,NULL,NULL,NULL,'2023-11-17 17:11:36.662762-05',2),
	 ('G040002','SUBGERENCIA OPERATIVA',NULL,'',NULL,NULL,NULL,NULL,'2023-11-17 17:11:36.662762-05',2),
	 ('G040003','DIRECCIONES',NULL,'',NULL,NULL,NULL,NULL,'2023-11-17 17:11:36.662762-05',2),
	 ('G040004','JURIDICO',NULL,'',NULL,NULL,NULL,NULL,'2023-11-17 17:11:36.662762-05',2),
	 ('G040005','AUDITORIA',NULL,'',NULL,NULL,NULL,NULL,'2023-11-17 17:11:36.662762-05',2),
	 ('G040006','CUMPLIMIENTO',NULL,'',NULL,NULL,NULL,NULL,'2023-11-17 17:11:36.662762-05',2),
	 ('G040007','RIESGOS',NULL,'',NULL,NULL,NULL,NULL,'2023-11-17 17:11:36.662762-05',2);
INSERT INTO public.jdepartamentos (codigodepartamento,nombredepartamento,status,descripciondepartamento,fechacreacion,fechamodificacion,ipcreacion,ipmodificacion,fecharegistro,idsucursal) VALUES
	 ('G040008','JEFATURAS Y SUPERVISORES AGENCIAS',NULL,'',NULL,NULL,NULL,NULL,'2023-11-17 17:11:36.662762-05',2),
	 ('G040009','FINANCIERO',NULL,'',NULL,NULL,NULL,NULL,'2023-11-17 17:11:36.662762-05',2),
	 ('G040010','PROCESOS',NULL,'',NULL,NULL,NULL,NULL,'2023-11-17 17:11:36.662762-05',2),
	 ('G040011','SISTEMAS',NULL,'',NULL,NULL,NULL,NULL,'2023-11-17 17:11:36.662762-05',2),
	 ('G040012','CREDITOS Y COBRANZAS',NULL,'',NULL,NULL,NULL,NULL,'2023-11-17 17:11:36.662762-05',2),
	 ('G040013','MARKETING',NULL,'',NULL,NULL,NULL,NULL,'2023-11-17 17:11:36.662762-05',2),
	 ('G040014','SERVICIOS',NULL,'',NULL,NULL,NULL,NULL,'2023-11-17 17:11:36.662762-05',2),
	 ('G040015','CAJAS',NULL,'',NULL,NULL,NULL,NULL,'2023-11-17 17:11:36.662762-05',2),
	 ('G040016','MENSAJERIA',NULL,'',NULL,NULL,NULL,NULL,'2023-11-17 17:11:36.662762-05',2),
	 ('G040017','RECURSOS HUMANOS',NULL,'',NULL,NULL,NULL,NULL,'2023-11-17 17:11:36.662762-05',2);
INSERT INTO public.jdepartamentos (codigodepartamento,nombredepartamento,status,descripciondepartamento,fechacreacion,fechamodificacion,ipcreacion,ipmodificacion,fecharegistro,idsucursal) VALUES
	 ('G040018','CALL CENTER',NULL,'',NULL,NULL,NULL,NULL,'2023-11-17 17:11:36.662762-05',2),
	 ('G040019','COACTIVAS',NULL,'',NULL,NULL,NULL,NULL,'2023-11-17 17:11:36.662762-05',2),
	 ('G040020','SEGURIDAD FISICA',NULL,'',NULL,NULL,NULL,NULL,'2023-11-17 17:11:36.662762-05',2),
	 ('G040021','RESPONSABILIDAD SOCIAL',NULL,'',NULL,NULL,NULL,NULL,'2023-11-17 17:11:36.662762-05',2),
	 ('G040022','ACTIVOS FIJOS',NULL,'',NULL,NULL,NULL,NULL,'2023-11-17 17:11:36.662762-05',2),
	 ('G040023','INVERSIONES',NULL,'',NULL,NULL,NULL,NULL,'2023-11-17 17:11:36.662762-05',2),
	 ('G040001','GERENCIA',NULL,'',NULL,NULL,NULL,NULL,'2023-11-17 17:11:36.662762-05',3),
	 ('G040002','SUBGERENCIA OPERATIVA',NULL,'',NULL,NULL,NULL,NULL,'2023-11-17 17:11:36.662762-05',3),
	 ('G040003','DIRECCIONES',NULL,'',NULL,NULL,NULL,NULL,'2023-11-17 17:11:36.662762-05',3),
	 ('G040004','JURIDICO',NULL,'',NULL,NULL,NULL,NULL,'2023-11-17 17:11:36.662762-05',3);
INSERT INTO public.jdepartamentos (codigodepartamento,nombredepartamento,status,descripciondepartamento,fechacreacion,fechamodificacion,ipcreacion,ipmodificacion,fecharegistro,idsucursal) VALUES
	 ('G040005','AUDITORIA',NULL,'',NULL,NULL,NULL,NULL,'2023-11-17 17:11:36.662762-05',3),
	 ('G040006','CUMPLIMIENTO',NULL,'',NULL,NULL,NULL,NULL,'2023-11-17 17:11:36.662762-05',3),
	 ('G040007','RIESGOS',NULL,'',NULL,NULL,NULL,NULL,'2023-11-17 17:11:36.662762-05',3),
	 ('G040008','JEFATURAS Y SUPERVISORES AGENCIAS',NULL,'',NULL,NULL,NULL,NULL,'2023-11-17 17:11:36.662762-05',3),
	 ('G040009','FINANCIERO',NULL,'',NULL,NULL,NULL,NULL,'2023-11-17 17:11:36.662762-05',3),
	 ('G040010','PROCESOS',NULL,'',NULL,NULL,NULL,NULL,'2023-11-17 17:11:36.662762-05',3),
	 ('G040011','SISTEMAS',NULL,'',NULL,NULL,NULL,NULL,'2023-11-17 17:11:36.662762-05',3),
	 ('G040012','CREDITOS Y COBRANZAS',NULL,'',NULL,NULL,NULL,NULL,'2023-11-17 17:11:36.662762-05',3),
	 ('G040013','MARKETING',NULL,'',NULL,NULL,NULL,NULL,'2023-11-17 17:11:36.662762-05',3),
	 ('G040014','SERVICIOS',NULL,'',NULL,NULL,NULL,NULL,'2023-11-17 17:11:36.662762-05',3);
INSERT INTO public.jdepartamentos (codigodepartamento,nombredepartamento,status,descripciondepartamento,fechacreacion,fechamodificacion,ipcreacion,ipmodificacion,fecharegistro,idsucursal) VALUES
	 ('G040015','CAJAS',NULL,'',NULL,NULL,NULL,NULL,'2023-11-17 17:11:36.662762-05',3),
	 ('G040016','MENSAJERIA',NULL,'',NULL,NULL,NULL,NULL,'2023-11-17 17:11:36.662762-05',3),
	 ('G040017','RECURSOS HUMANOS',NULL,'',NULL,NULL,NULL,NULL,'2023-11-17 17:11:36.662762-05',3),
	 ('G040018','CALL CENTER',NULL,'',NULL,NULL,NULL,NULL,'2023-11-17 17:11:36.662762-05',3),
	 ('G040019','COACTIVAS',NULL,'',NULL,NULL,NULL,NULL,'2023-11-17 17:11:36.662762-05',3),
	 ('G040020','SEGURIDAD FISICA',NULL,'',NULL,NULL,NULL,NULL,'2023-11-17 17:11:36.662762-05',3),
	 ('G040021','RESPONSABILIDAD SOCIAL',NULL,'',NULL,NULL,NULL,NULL,'2023-11-17 17:11:36.662762-05',3),
	 ('G040022','ACTIVOS FIJOS',NULL,'',NULL,NULL,NULL,NULL,'2023-11-17 17:11:36.662762-05',3),
	 ('G040023','INVERSIONES',NULL,'',NULL,NULL,NULL,NULL,'2023-11-17 17:11:36.662762-05',3),
	 ('G040001','GERENCIA',NULL,'',NULL,NULL,NULL,NULL,'2023-11-17 17:11:36.662762-05',4);
INSERT INTO public.jdepartamentos (codigodepartamento,nombredepartamento,status,descripciondepartamento,fechacreacion,fechamodificacion,ipcreacion,ipmodificacion,fecharegistro,idsucursal) VALUES
	 ('G040002','SUBGERENCIA OPERATIVA',NULL,'',NULL,NULL,NULL,NULL,'2023-11-17 17:11:36.662762-05',4),
	 ('G040003','DIRECCIONES',NULL,'',NULL,NULL,NULL,NULL,'2023-11-17 17:11:36.662762-05',4),
	 ('G040004','JURIDICO',NULL,'',NULL,NULL,NULL,NULL,'2023-11-17 17:11:36.662762-05',4),
	 ('G040005','AUDITORIA',NULL,'',NULL,NULL,NULL,NULL,'2023-11-17 17:11:36.662762-05',4),
	 ('G040006','CUMPLIMIENTO',NULL,'',NULL,NULL,NULL,NULL,'2023-11-17 17:11:36.662762-05',4),
	 ('G040007','RIESGOS',NULL,'',NULL,NULL,NULL,NULL,'2023-11-17 17:11:36.662762-05',4),
	 ('G040008','JEFATURAS Y SUPERVISORES AGENCIAS',NULL,'',NULL,NULL,NULL,NULL,'2023-11-17 17:11:36.662762-05',4),
	 ('G040009','FINANCIERO',NULL,'',NULL,NULL,NULL,NULL,'2023-11-17 17:11:36.662762-05',4),
	 ('G040010','PROCESOS',NULL,'',NULL,NULL,NULL,NULL,'2023-11-17 17:11:36.662762-05',4),
	 ('G040011','SISTEMAS',NULL,'',NULL,NULL,NULL,NULL,'2023-11-17 17:11:36.662762-05',4);
INSERT INTO public.jdepartamentos (codigodepartamento,nombredepartamento,status,descripciondepartamento,fechacreacion,fechamodificacion,ipcreacion,ipmodificacion,fecharegistro,idsucursal) VALUES
	 ('G040012','CREDITOS Y COBRANZAS',NULL,'',NULL,NULL,NULL,NULL,'2023-11-17 17:11:36.662762-05',4),
	 ('G040013','MARKETING',NULL,'',NULL,NULL,NULL,NULL,'2023-11-17 17:11:36.662762-05',4),
	 ('G040014','SERVICIOS',NULL,'',NULL,NULL,NULL,NULL,'2023-11-17 17:11:36.662762-05',4),
	 ('G040015','CAJAS',NULL,'',NULL,NULL,NULL,NULL,'2023-11-17 17:11:36.662762-05',4),
	 ('G040016','MENSAJERIA',NULL,'',NULL,NULL,NULL,NULL,'2023-11-17 17:11:36.662762-05',4),
	 ('G040017','RECURSOS HUMANOS',NULL,'',NULL,NULL,NULL,NULL,'2023-11-17 17:11:36.662762-05',4),
	 ('G040018','CALL CENTER',NULL,'',NULL,NULL,NULL,NULL,'2023-11-17 17:11:36.662762-05',4),
	 ('G040019','COACTIVAS',NULL,'',NULL,NULL,NULL,NULL,'2023-11-17 17:11:36.662762-05',4),
	 ('G040020','SEGURIDAD FISICA',NULL,'',NULL,NULL,NULL,NULL,'2023-11-17 17:11:36.662762-05',4),
	 ('G040021','RESPONSABILIDAD SOCIAL',NULL,'',NULL,NULL,NULL,NULL,'2023-11-17 17:11:36.662762-05',4);
INSERT INTO public.jdepartamentos (codigodepartamento,nombredepartamento,status,descripciondepartamento,fechacreacion,fechamodificacion,ipcreacion,ipmodificacion,fecharegistro,idsucursal) VALUES
	 ('G040022','ACTIVOS FIJOS',NULL,'',NULL,NULL,NULL,NULL,'2023-11-17 17:11:36.662762-05',4),
	 ('G040023','INVERSIONES',NULL,'',NULL,NULL,NULL,NULL,'2023-11-17 17:11:36.662762-05',4),
	 ('G040001','GERENCIA',NULL,'',NULL,NULL,NULL,NULL,'2023-11-17 17:11:36.662762-05',5),
	 ('G040002','SUBGERENCIA OPERATIVA',NULL,'',NULL,NULL,NULL,NULL,'2023-11-17 17:11:36.662762-05',5),
	 ('G040003','DIRECCIONES',NULL,'',NULL,NULL,NULL,NULL,'2023-11-17 17:11:36.662762-05',5),
	 ('G040004','JURIDICO',NULL,'',NULL,NULL,NULL,NULL,'2023-11-17 17:11:36.662762-05',5),
	 ('G040005','AUDITORIA',NULL,'',NULL,NULL,NULL,NULL,'2023-11-17 17:11:36.662762-05',5),
	 ('G040006','CUMPLIMIENTO',NULL,'',NULL,NULL,NULL,NULL,'2023-11-17 17:11:36.662762-05',5),
	 ('G040007','RIESGOS',NULL,'',NULL,NULL,NULL,NULL,'2023-11-17 17:11:36.662762-05',5),
	 ('G040008','JEFATURAS Y SUPERVISORES AGENCIAS',NULL,'',NULL,NULL,NULL,NULL,'2023-11-17 17:11:36.662762-05',5);
INSERT INTO public.jdepartamentos (codigodepartamento,nombredepartamento,status,descripciondepartamento,fechacreacion,fechamodificacion,ipcreacion,ipmodificacion,fecharegistro,idsucursal) VALUES
	 ('G040009','FINANCIERO',NULL,'',NULL,NULL,NULL,NULL,'2023-11-17 17:11:36.662762-05',5),
	 ('G040010','PROCESOS',NULL,'',NULL,NULL,NULL,NULL,'2023-11-17 17:11:36.662762-05',5),
	 ('G040011','SISTEMAS',NULL,'',NULL,NULL,NULL,NULL,'2023-11-17 17:11:36.662762-05',5),
	 ('G040012','CREDITOS Y COBRANZAS',NULL,'',NULL,NULL,NULL,NULL,'2023-11-17 17:11:36.662762-05',5),
	 ('G040013','MARKETING',NULL,'',NULL,NULL,NULL,NULL,'2023-11-17 17:11:36.662762-05',5),
	 ('G040014','SERVICIOS',NULL,'',NULL,NULL,NULL,NULL,'2023-11-17 17:11:36.662762-05',5),
	 ('G040015','CAJAS',NULL,'',NULL,NULL,NULL,NULL,'2023-11-17 17:11:36.662762-05',5),
	 ('G040016','MENSAJERIA',NULL,'',NULL,NULL,NULL,NULL,'2023-11-17 17:11:36.662762-05',5),
	 ('G040017','RECURSOS HUMANOS',NULL,'',NULL,NULL,NULL,NULL,'2023-11-17 17:11:36.662762-05',5),
	 ('G040018','CALL CENTER',NULL,'',NULL,NULL,NULL,NULL,'2023-11-17 17:11:36.662762-05',5);
INSERT INTO public.jdepartamentos (codigodepartamento,nombredepartamento,status,descripciondepartamento,fechacreacion,fechamodificacion,ipcreacion,ipmodificacion,fecharegistro,idsucursal) VALUES
	 ('G040019','COACTIVAS',NULL,'',NULL,NULL,NULL,NULL,'2023-11-17 17:11:36.662762-05',5),
	 ('G040020','SEGURIDAD FISICA',NULL,'',NULL,NULL,NULL,NULL,'2023-11-17 17:11:36.662762-05',5),
	 ('G040021','RESPONSABILIDAD SOCIAL',NULL,'',NULL,NULL,NULL,NULL,'2023-11-17 17:11:36.662762-05',5),
	 ('G040022','ACTIVOS FIJOS',NULL,'',NULL,NULL,NULL,NULL,'2023-11-17 17:11:36.662762-05',5),
	 ('G040023','INVERSIONES',NULL,'',NULL,NULL,NULL,NULL,'2023-11-17 17:11:36.662762-05',5),
	 ('G040001','GERENCIA',NULL,'',NULL,NULL,NULL,NULL,'2023-11-17 17:11:36.662762-05',6),
	 ('G040002','SUBGERENCIA OPERATIVA',NULL,'',NULL,NULL,NULL,NULL,'2023-11-17 17:11:36.662762-05',6),
	 ('G040003','DIRECCIONES',NULL,'',NULL,NULL,NULL,NULL,'2023-11-17 17:11:36.662762-05',6),
	 ('G040004','JURIDICO',NULL,'',NULL,NULL,NULL,NULL,'2023-11-17 17:11:36.662762-05',6),
	 ('G040005','AUDITORIA',NULL,'',NULL,NULL,NULL,NULL,'2023-11-17 17:11:36.662762-05',6);
INSERT INTO public.jdepartamentos (codigodepartamento,nombredepartamento,status,descripciondepartamento,fechacreacion,fechamodificacion,ipcreacion,ipmodificacion,fecharegistro,idsucursal) VALUES
	 ('G040006','CUMPLIMIENTO',NULL,'',NULL,NULL,NULL,NULL,'2023-11-17 17:11:36.662762-05',6),
	 ('G040007','RIESGOS',NULL,'',NULL,NULL,NULL,NULL,'2023-11-17 17:11:36.662762-05',6),
	 ('G040008','JEFATURAS Y SUPERVISORES AGENCIAS',NULL,'',NULL,NULL,NULL,NULL,'2023-11-17 17:11:36.662762-05',6),
	 ('G040009','FINANCIERO',NULL,'',NULL,NULL,NULL,NULL,'2023-11-17 17:11:36.662762-05',6),
	 ('G040010','PROCESOS',NULL,'',NULL,NULL,NULL,NULL,'2023-11-17 17:11:36.662762-05',6),
	 ('G040011','SISTEMAS',NULL,'',NULL,NULL,NULL,NULL,'2023-11-17 17:11:36.662762-05',6),
	 ('G040012','CREDITOS Y COBRANZAS',NULL,'',NULL,NULL,NULL,NULL,'2023-11-17 17:11:36.662762-05',6),
	 ('G040013','MARKETING',NULL,'',NULL,NULL,NULL,NULL,'2023-11-17 17:11:36.662762-05',6),
	 ('G040014','SERVICIOS',NULL,'',NULL,NULL,NULL,NULL,'2023-11-17 17:11:36.662762-05',6),
	 ('G040015','CAJAS',NULL,'',NULL,NULL,NULL,NULL,'2023-11-17 17:11:36.662762-05',6);
INSERT INTO public.jdepartamentos (codigodepartamento,nombredepartamento,status,descripciondepartamento,fechacreacion,fechamodificacion,ipcreacion,ipmodificacion,fecharegistro,idsucursal) VALUES
	 ('G040016','MENSAJERIA',NULL,'',NULL,NULL,NULL,NULL,'2023-11-17 17:11:36.662762-05',6),
	 ('G040017','RECURSOS HUMANOS',NULL,'',NULL,NULL,NULL,NULL,'2023-11-17 17:11:36.662762-05',6),
	 ('G040018','CALL CENTER',NULL,'',NULL,NULL,NULL,NULL,'2023-11-17 17:11:36.662762-05',6),
	 ('G040019','COACTIVAS',NULL,'',NULL,NULL,NULL,NULL,'2023-11-17 17:11:36.662762-05',6),
	 ('G040020','SEGURIDAD FISICA',NULL,'',NULL,NULL,NULL,NULL,'2023-11-17 17:11:36.662762-05',6),
	 ('G040021','RESPONSABILIDAD SOCIAL',NULL,'',NULL,NULL,NULL,NULL,'2023-11-17 17:11:36.662762-05',6),
	 ('G040022','ACTIVOS FIJOS',NULL,'',NULL,NULL,NULL,NULL,'2023-11-17 17:11:36.662762-05',6),
	 ('G040023','INVERSIONES',NULL,'',NULL,NULL,NULL,NULL,'2023-11-17 17:11:36.662762-05',6),
	 ('G040001','GERENCIA',NULL,'',NULL,NULL,NULL,NULL,'2023-11-17 17:11:36.662762-05',7),
	 ('G040002','SUBGERENCIA OPERATIVA',NULL,'',NULL,NULL,NULL,NULL,'2023-11-17 17:11:36.662762-05',7);
INSERT INTO public.jdepartamentos (codigodepartamento,nombredepartamento,status,descripciondepartamento,fechacreacion,fechamodificacion,ipcreacion,ipmodificacion,fecharegistro,idsucursal) VALUES
	 ('G040003','DIRECCIONES',NULL,'',NULL,NULL,NULL,NULL,'2023-11-17 17:11:36.662762-05',7),
	 ('G040004','JURIDICO',NULL,'',NULL,NULL,NULL,NULL,'2023-11-17 17:11:36.662762-05',7),
	 ('G040005','AUDITORIA',NULL,'',NULL,NULL,NULL,NULL,'2023-11-17 17:11:36.662762-05',7),
	 ('G040006','CUMPLIMIENTO',NULL,'',NULL,NULL,NULL,NULL,'2023-11-17 17:11:36.662762-05',7),
	 ('G040007','RIESGOS',NULL,'',NULL,NULL,NULL,NULL,'2023-11-17 17:11:36.662762-05',7),
	 ('G040008','JEFATURAS Y SUPERVISORES AGENCIAS',NULL,'',NULL,NULL,NULL,NULL,'2023-11-17 17:11:36.662762-05',7),
	 ('G040009','FINANCIERO',NULL,'',NULL,NULL,NULL,NULL,'2023-11-17 17:11:36.662762-05',7),
	 ('G040010','PROCESOS',NULL,'',NULL,NULL,NULL,NULL,'2023-11-17 17:11:36.662762-05',7),
	 ('G040011','SISTEMAS',NULL,'',NULL,NULL,NULL,NULL,'2023-11-17 17:11:36.662762-05',7),
	 ('G040012','CREDITOS Y COBRANZAS',NULL,'',NULL,NULL,NULL,NULL,'2023-11-17 17:11:36.662762-05',7);
INSERT INTO public.jdepartamentos (codigodepartamento,nombredepartamento,status,descripciondepartamento,fechacreacion,fechamodificacion,ipcreacion,ipmodificacion,fecharegistro,idsucursal) VALUES
	 ('G040013','MARKETING',NULL,'',NULL,NULL,NULL,NULL,'2023-11-17 17:11:36.662762-05',7),
	 ('G040014','SERVICIOS',NULL,'',NULL,NULL,NULL,NULL,'2023-11-17 17:11:36.662762-05',7),
	 ('G040015','CAJAS',NULL,'',NULL,NULL,NULL,NULL,'2023-11-17 17:11:36.662762-05',7),
	 ('G040016','MENSAJERIA',NULL,'',NULL,NULL,NULL,NULL,'2023-11-17 17:11:36.662762-05',7),
	 ('G040017','RECURSOS HUMANOS',NULL,'',NULL,NULL,NULL,NULL,'2023-11-17 17:11:36.662762-05',7),
	 ('G040018','CALL CENTER',NULL,'',NULL,NULL,NULL,NULL,'2023-11-17 17:11:36.662762-05',7),
	 ('G040019','COACTIVAS',NULL,'',NULL,NULL,NULL,NULL,'2023-11-17 17:11:36.662762-05',7),
	 ('G040020','SEGURIDAD FISICA',NULL,'',NULL,NULL,NULL,NULL,'2023-11-17 17:11:36.662762-05',7),
	 ('G040021','RESPONSABILIDAD SOCIAL',NULL,'',NULL,NULL,NULL,NULL,'2023-11-17 17:11:36.662762-05',7),
	 ('G040022','ACTIVOS FIJOS',NULL,'',NULL,NULL,NULL,NULL,'2023-11-17 17:11:36.662762-05',7);
INSERT INTO public.jdepartamentos (codigodepartamento,nombredepartamento,status,descripciondepartamento,fechacreacion,fechamodificacion,ipcreacion,ipmodificacion,fecharegistro,idsucursal) VALUES
	 ('G040023','INVERSIONES',NULL,'',NULL,NULL,NULL,NULL,'2023-11-17 17:11:36.662762-05',7),
	 ('G040001','GERENCIA',NULL,'',NULL,NULL,NULL,NULL,'2023-11-17 17:11:36.662762-05',8),
	 ('G040002','SUBGERENCIA OPERATIVA',NULL,'',NULL,NULL,NULL,NULL,'2023-11-17 17:11:36.662762-05',8),
	 ('G040003','DIRECCIONES',NULL,'',NULL,NULL,NULL,NULL,'2023-11-17 17:11:36.662762-05',8),
	 ('G040004','JURIDICO',NULL,'',NULL,NULL,NULL,NULL,'2023-11-17 17:11:36.662762-05',8),
	 ('G040005','AUDITORIA',NULL,'',NULL,NULL,NULL,NULL,'2023-11-17 17:11:36.662762-05',8),
	 ('G040006','CUMPLIMIENTO',NULL,'',NULL,NULL,NULL,NULL,'2023-11-17 17:11:36.662762-05',8),
	 ('G040007','RIESGOS',NULL,'',NULL,NULL,NULL,NULL,'2023-11-17 17:11:36.662762-05',8),
	 ('G040008','JEFATURAS Y SUPERVISORES AGENCIAS',NULL,'',NULL,NULL,NULL,NULL,'2023-11-17 17:11:36.662762-05',8),
	 ('G040009','FINANCIERO',NULL,'',NULL,NULL,NULL,NULL,'2023-11-17 17:11:36.662762-05',8);
INSERT INTO public.jdepartamentos (codigodepartamento,nombredepartamento,status,descripciondepartamento,fechacreacion,fechamodificacion,ipcreacion,ipmodificacion,fecharegistro,idsucursal) VALUES
	 ('G040010','PROCESOS',NULL,'',NULL,NULL,NULL,NULL,'2023-11-17 17:11:36.662762-05',8),
	 ('G040011','SISTEMAS',NULL,'',NULL,NULL,NULL,NULL,'2023-11-17 17:11:36.662762-05',8),
	 ('G040012','CREDITOS Y COBRANZAS',NULL,'',NULL,NULL,NULL,NULL,'2023-11-17 17:11:36.662762-05',8),
	 ('G040013','MARKETING',NULL,'',NULL,NULL,NULL,NULL,'2023-11-17 17:11:36.662762-05',8),
	 ('G040014','SERVICIOS',NULL,'',NULL,NULL,NULL,NULL,'2023-11-17 17:11:36.662762-05',8),
	 ('G040015','CAJAS',NULL,'',NULL,NULL,NULL,NULL,'2023-11-17 17:11:36.662762-05',8),
	 ('G040016','MENSAJERIA',NULL,'',NULL,NULL,NULL,NULL,'2023-11-17 17:11:36.662762-05',8),
	 ('G040017','RECURSOS HUMANOS',NULL,'',NULL,NULL,NULL,NULL,'2023-11-17 17:11:36.662762-05',8),
	 ('G040018','CALL CENTER',NULL,'',NULL,NULL,NULL,NULL,'2023-11-17 17:11:36.662762-05',8),
	 ('G040019','COACTIVAS',NULL,'',NULL,NULL,NULL,NULL,'2023-11-17 17:11:36.662762-05',8);
INSERT INTO public.jdepartamentos (codigodepartamento,nombredepartamento,status,descripciondepartamento,fechacreacion,fechamodificacion,ipcreacion,ipmodificacion,fecharegistro,idsucursal) VALUES
	 ('G040020','SEGURIDAD FISICA',NULL,'',NULL,NULL,NULL,NULL,'2023-11-17 17:11:36.662762-05',8),
	 ('G040021','RESPONSABILIDAD SOCIAL',NULL,'',NULL,NULL,NULL,NULL,'2023-11-17 17:11:36.662762-05',8),
	 ('G040022','ACTIVOS FIJOS',NULL,'',NULL,NULL,NULL,NULL,'2023-11-17 17:11:36.662762-05',8),
	 ('G040023','INVERSIONES',NULL,'',NULL,NULL,NULL,NULL,'2023-11-17 17:11:36.662762-05',8),
	 ('G040001','GERENCIA',NULL,'',NULL,NULL,NULL,NULL,'2023-11-17 17:11:36.662762-05',9),
	 ('G040002','SUBGERENCIA OPERATIVA',NULL,'',NULL,NULL,NULL,NULL,'2023-11-17 17:11:36.662762-05',9),
	 ('G040003','DIRECCIONES',NULL,'',NULL,NULL,NULL,NULL,'2023-11-17 17:11:36.662762-05',9),
	 ('G040004','JURIDICO',NULL,'',NULL,NULL,NULL,NULL,'2023-11-17 17:11:36.662762-05',9),
	 ('G040005','AUDITORIA',NULL,'',NULL,NULL,NULL,NULL,'2023-11-17 17:11:36.662762-05',9),
	 ('G040006','CUMPLIMIENTO',NULL,'',NULL,NULL,NULL,NULL,'2023-11-17 17:11:36.662762-05',9);
INSERT INTO public.jdepartamentos (codigodepartamento,nombredepartamento,status,descripciondepartamento,fechacreacion,fechamodificacion,ipcreacion,ipmodificacion,fecharegistro,idsucursal) VALUES
	 ('G040007','RIESGOS',NULL,'',NULL,NULL,NULL,NULL,'2023-11-17 17:11:36.662762-05',9),
	 ('G040008','JEFATURAS Y SUPERVISORES AGENCIAS',NULL,'',NULL,NULL,NULL,NULL,'2023-11-17 17:11:36.662762-05',9),
	 ('G040009','FINANCIERO',NULL,'',NULL,NULL,NULL,NULL,'2023-11-17 17:11:36.662762-05',9),
	 ('G040010','PROCESOS',NULL,'',NULL,NULL,NULL,NULL,'2023-11-17 17:11:36.662762-05',9),
	 ('G040011','SISTEMAS',NULL,'',NULL,NULL,NULL,NULL,'2023-11-17 17:11:36.662762-05',9),
	 ('G040012','CREDITOS Y COBRANZAS',NULL,'',NULL,NULL,NULL,NULL,'2023-11-17 17:11:36.662762-05',9),
	 ('G040013','MARKETING',NULL,'',NULL,NULL,NULL,NULL,'2023-11-17 17:11:36.662762-05',9),
	 ('G040014','SERVICIOS',NULL,'',NULL,NULL,NULL,NULL,'2023-11-17 17:11:36.662762-05',9),
	 ('G040015','CAJAS',NULL,'',NULL,NULL,NULL,NULL,'2023-11-17 17:11:36.662762-05',9),
	 ('G040016','MENSAJERIA',NULL,'',NULL,NULL,NULL,NULL,'2023-11-17 17:11:36.662762-05',9);
INSERT INTO public.jdepartamentos (codigodepartamento,nombredepartamento,status,descripciondepartamento,fechacreacion,fechamodificacion,ipcreacion,ipmodificacion,fecharegistro,idsucursal) VALUES
	 ('G040017','RECURSOS HUMANOS',NULL,'',NULL,NULL,NULL,NULL,'2023-11-17 17:11:36.662762-05',9),
	 ('G040018','CALL CENTER',NULL,'',NULL,NULL,NULL,NULL,'2023-11-17 17:11:36.662762-05',9),
	 ('G040019','COACTIVAS',NULL,'',NULL,NULL,NULL,NULL,'2023-11-17 17:11:36.662762-05',9),
	 ('G040020','SEGURIDAD FISICA',NULL,'',NULL,NULL,NULL,NULL,'2023-11-17 17:11:36.662762-05',9),
	 ('G040021','RESPONSABILIDAD SOCIAL',NULL,'',NULL,NULL,NULL,NULL,'2023-11-17 17:11:36.662762-05',9),
	 ('G040022','ACTIVOS FIJOS',NULL,'',NULL,NULL,NULL,NULL,'2023-11-17 17:11:36.662762-05',9),
	 ('G040023','INVERSIONES',NULL,'',NULL,NULL,NULL,NULL,'2023-11-17 17:11:36.662762-05',9),
	 ('G040001','GERENCIA',NULL,'',NULL,NULL,NULL,NULL,'2023-11-17 17:11:36.662762-05',10),
	 ('G040002','SUBGERENCIA OPERATIVA',NULL,'',NULL,NULL,NULL,NULL,'2023-11-17 17:11:36.662762-05',10),
	 ('G040003','DIRECCIONES',NULL,'',NULL,NULL,NULL,NULL,'2023-11-17 17:11:36.662762-05',10);
INSERT INTO public.jdepartamentos (codigodepartamento,nombredepartamento,status,descripciondepartamento,fechacreacion,fechamodificacion,ipcreacion,ipmodificacion,fecharegistro,idsucursal) VALUES
	 ('G040004','JURIDICO',NULL,'',NULL,NULL,NULL,NULL,'2023-11-17 17:11:36.662762-05',10),
	 ('G040005','AUDITORIA',NULL,'',NULL,NULL,NULL,NULL,'2023-11-17 17:11:36.662762-05',10),
	 ('G040006','CUMPLIMIENTO',NULL,'',NULL,NULL,NULL,NULL,'2023-11-17 17:11:36.662762-05',10),
	 ('G040007','RIESGOS',NULL,'',NULL,NULL,NULL,NULL,'2023-11-17 17:11:36.662762-05',10),
	 ('G040008','JEFATURAS Y SUPERVISORES AGENCIAS',NULL,'',NULL,NULL,NULL,NULL,'2023-11-17 17:11:36.662762-05',10),
	 ('G040009','FINANCIERO',NULL,'',NULL,NULL,NULL,NULL,'2023-11-17 17:11:36.662762-05',10),
	 ('G040010','PROCESOS',NULL,'',NULL,NULL,NULL,NULL,'2023-11-17 17:11:36.662762-05',10),
	 ('G040011','SISTEMAS',NULL,'',NULL,NULL,NULL,NULL,'2023-11-17 17:11:36.662762-05',10),
	 ('G040012','CREDITOS Y COBRANZAS',NULL,'',NULL,NULL,NULL,NULL,'2023-11-17 17:11:36.662762-05',10),
	 ('G040013','MARKETING',NULL,'',NULL,NULL,NULL,NULL,'2023-11-17 17:11:36.662762-05',10);
INSERT INTO public.jdepartamentos (codigodepartamento,nombredepartamento,status,descripciondepartamento,fechacreacion,fechamodificacion,ipcreacion,ipmodificacion,fecharegistro,idsucursal) VALUES
	 ('G040014','SERVICIOS',NULL,'',NULL,NULL,NULL,NULL,'2023-11-17 17:11:36.662762-05',10),
	 ('G040015','CAJAS',NULL,'',NULL,NULL,NULL,NULL,'2023-11-17 17:11:36.662762-05',10),
	 ('G040016','MENSAJERIA',NULL,'',NULL,NULL,NULL,NULL,'2023-11-17 17:11:36.662762-05',10),
	 ('G040017','RECURSOS HUMANOS',NULL,'',NULL,NULL,NULL,NULL,'2023-11-17 17:11:36.662762-05',10),
	 ('G040018','CALL CENTER',NULL,'',NULL,NULL,NULL,NULL,'2023-11-17 17:11:36.662762-05',10),
	 ('G040019','COACTIVAS',NULL,'',NULL,NULL,NULL,NULL,'2023-11-17 17:11:36.662762-05',10),
	 ('G040020','SEGURIDAD FISICA',NULL,'',NULL,NULL,NULL,NULL,'2023-11-17 17:11:36.662762-05',10),
	 ('G040021','RESPONSABILIDAD SOCIAL',NULL,'',NULL,NULL,NULL,NULL,'2023-11-17 17:11:36.662762-05',10),
	 ('G040022','ACTIVOS FIJOS',NULL,'',NULL,NULL,NULL,NULL,'2023-11-17 17:11:36.662762-05',10),
	 ('G040023','INVERSIONES',NULL,'',NULL,NULL,NULL,NULL,'2023-11-17 17:11:36.662762-05',10);
INSERT INTO public.jdepartamentos (codigodepartamento,nombredepartamento,status,descripciondepartamento,fechacreacion,fechamodificacion,ipcreacion,ipmodificacion,fecharegistro,idsucursal) VALUES
	 ('G040001','GERENCIA',NULL,'',NULL,NULL,NULL,NULL,'2023-11-17 17:11:36.662762-05',11),
	 ('G040002','SUBGERENCIA OPERATIVA',NULL,'',NULL,NULL,NULL,NULL,'2023-11-17 17:11:36.662762-05',11),
	 ('G040003','DIRECCIONES',NULL,'',NULL,NULL,NULL,NULL,'2023-11-17 17:11:36.662762-05',11),
	 ('G040004','JURIDICO',NULL,'',NULL,NULL,NULL,NULL,'2023-11-17 17:11:36.662762-05',11),
	 ('G040005','AUDITORIA',NULL,'',NULL,NULL,NULL,NULL,'2023-11-17 17:11:36.662762-05',11),
	 ('G040006','CUMPLIMIENTO',NULL,'',NULL,NULL,NULL,NULL,'2023-11-17 17:11:36.662762-05',11),
	 ('G040007','RIESGOS',NULL,'',NULL,NULL,NULL,NULL,'2023-11-17 17:11:36.662762-05',11),
	 ('G040008','JEFATURAS Y SUPERVISORES AGENCIAS',NULL,'',NULL,NULL,NULL,NULL,'2023-11-17 17:11:36.662762-05',11),
	 ('G040009','FINANCIERO',NULL,'',NULL,NULL,NULL,NULL,'2023-11-17 17:11:36.662762-05',11),
	 ('G040010','PROCESOS',NULL,'',NULL,NULL,NULL,NULL,'2023-11-17 17:11:36.662762-05',11);
INSERT INTO public.jdepartamentos (codigodepartamento,nombredepartamento,status,descripciondepartamento,fechacreacion,fechamodificacion,ipcreacion,ipmodificacion,fecharegistro,idsucursal) VALUES
	 ('G040011','SISTEMAS',NULL,'',NULL,NULL,NULL,NULL,'2023-11-17 17:11:36.662762-05',11),
	 ('G040012','CREDITOS Y COBRANZAS',NULL,'',NULL,NULL,NULL,NULL,'2023-11-17 17:11:36.662762-05',11),
	 ('G040013','MARKETING',NULL,'',NULL,NULL,NULL,NULL,'2023-11-17 17:11:36.662762-05',11),
	 ('G040014','SERVICIOS',NULL,'',NULL,NULL,NULL,NULL,'2023-11-17 17:11:36.662762-05',11),
	 ('G040015','CAJAS',NULL,'',NULL,NULL,NULL,NULL,'2023-11-17 17:11:36.662762-05',11),
	 ('G040016','MENSAJERIA',NULL,'',NULL,NULL,NULL,NULL,'2023-11-17 17:11:36.662762-05',11),
	 ('G040017','RECURSOS HUMANOS',NULL,'',NULL,NULL,NULL,NULL,'2023-11-17 17:11:36.662762-05',11),
	 ('G040018','CALL CENTER',NULL,'',NULL,NULL,NULL,NULL,'2023-11-17 17:11:36.662762-05',11),
	 ('G040019','COACTIVAS',NULL,'',NULL,NULL,NULL,NULL,'2023-11-17 17:11:36.662762-05',11),
	 ('G040020','SEGURIDAD FISICA',NULL,'',NULL,NULL,NULL,NULL,'2023-11-17 17:11:36.662762-05',11);
INSERT INTO public.jdepartamentos (codigodepartamento,nombredepartamento,status,descripciondepartamento,fechacreacion,fechamodificacion,ipcreacion,ipmodificacion,fecharegistro,idsucursal) VALUES
	 ('G040021','RESPONSABILIDAD SOCIAL',NULL,'',NULL,NULL,NULL,NULL,'2023-11-17 17:11:36.662762-05',11),
	 ('G040022','ACTIVOS FIJOS',NULL,'',NULL,NULL,NULL,NULL,'2023-11-17 17:11:36.662762-05',11),
	 ('G040023','INVERSIONES',NULL,'',NULL,NULL,NULL,NULL,'2023-11-17 17:11:36.662762-05',11),
	 ('G040001','GERENCIA',NULL,'',NULL,NULL,NULL,NULL,'2023-11-17 17:11:36.662762-05',12),
	 ('G040002','SUBGERENCIA OPERATIVA',NULL,'',NULL,NULL,NULL,NULL,'2023-11-17 17:11:36.662762-05',12),
	 ('G040003','DIRECCIONES',NULL,'',NULL,NULL,NULL,NULL,'2023-11-17 17:11:36.662762-05',12),
	 ('G040004','JURIDICO',NULL,'',NULL,NULL,NULL,NULL,'2023-11-17 17:11:36.662762-05',12),
	 ('G040005','AUDITORIA',NULL,'',NULL,NULL,NULL,NULL,'2023-11-17 17:11:36.662762-05',12),
	 ('G040006','CUMPLIMIENTO',NULL,'',NULL,NULL,NULL,NULL,'2023-11-17 17:11:36.662762-05',12),
	 ('G040007','RIESGOS',NULL,'',NULL,NULL,NULL,NULL,'2023-11-17 17:11:36.662762-05',12);
INSERT INTO public.jdepartamentos (codigodepartamento,nombredepartamento,status,descripciondepartamento,fechacreacion,fechamodificacion,ipcreacion,ipmodificacion,fecharegistro,idsucursal) VALUES
	 ('G040008','JEFATURAS Y SUPERVISORES AGENCIAS',NULL,'',NULL,NULL,NULL,NULL,'2023-11-17 17:11:36.662762-05',12),
	 ('G040009','FINANCIERO',NULL,'',NULL,NULL,NULL,NULL,'2023-11-17 17:11:36.662762-05',12),
	 ('G040010','PROCESOS',NULL,'',NULL,NULL,NULL,NULL,'2023-11-17 17:11:36.662762-05',12),
	 ('G040011','SISTEMAS',NULL,'',NULL,NULL,NULL,NULL,'2023-11-17 17:11:36.662762-05',12),
	 ('G040012','CREDITOS Y COBRANZAS',NULL,'',NULL,NULL,NULL,NULL,'2023-11-17 17:11:36.662762-05',12),
	 ('G040013','MARKETING',NULL,'',NULL,NULL,NULL,NULL,'2023-11-17 17:11:36.662762-05',12),
	 ('G040014','SERVICIOS',NULL,'',NULL,NULL,NULL,NULL,'2023-11-17 17:11:36.662762-05',12),
	 ('G040015','CAJAS',NULL,'',NULL,NULL,NULL,NULL,'2023-11-17 17:11:36.662762-05',12),
	 ('G040016','MENSAJERIA',NULL,'',NULL,NULL,NULL,NULL,'2023-11-17 17:11:36.662762-05',12),
	 ('G040017','RECURSOS HUMANOS',NULL,'',NULL,NULL,NULL,NULL,'2023-11-17 17:11:36.662762-05',12);
INSERT INTO public.jdepartamentos (codigodepartamento,nombredepartamento,status,descripciondepartamento,fechacreacion,fechamodificacion,ipcreacion,ipmodificacion,fecharegistro,idsucursal) VALUES
	 ('G040018','CALL CENTER',NULL,'',NULL,NULL,NULL,NULL,'2023-11-17 17:11:36.662762-05',12),
	 ('G040019','COACTIVAS',NULL,'',NULL,NULL,NULL,NULL,'2023-11-17 17:11:36.662762-05',12),
	 ('G040020','SEGURIDAD FISICA',NULL,'',NULL,NULL,NULL,NULL,'2023-11-17 17:11:36.662762-05',12),
	 ('G040021','RESPONSABILIDAD SOCIAL',NULL,'',NULL,NULL,NULL,NULL,'2023-11-17 17:11:36.662762-05',12),
	 ('G040022','ACTIVOS FIJOS',NULL,'',NULL,NULL,NULL,NULL,'2023-11-17 17:11:36.662762-05',12),
	 ('G040023','INVERSIONES',NULL,'',NULL,NULL,NULL,NULL,'2023-11-17 17:11:36.662762-05',12);

--jestados

INSERT INTO public.jestados (codigoestado,descripcionestado) VALUES
	 (0,'Abierto'),
	 (1,'Pendiente'),
	 (2,'Asignado'),
	 (3,'En Trámite'),
	 (4,'En espera'),
	 (5,'Resuelto'),
	 (6,'Cerrado - Cancelado'),
	 (7, 'Rechazado');

--jgeneros

INSERT INTO public.jgeneros (codigogenero,descripciongenero,fecharegistro, status) VALUES
	 ('M','Masculino',NULL, TRUE),
	 ('F','Femenino',NULL, TRUE),
	 ('N','No aplica',NULL, TRUE);

--jgeografia

INSERT INTO public.jgeografia (codigogeografia,nombre,nivel,status,fechacreacion,fechamodificacion,ipcreacion,ipmodificacion,fecharegistro,fkidgeografia) VALUES
	 ('00','Ecuador',1,NULL,NULL,NULL,NULL,NULL,NULL,NULL),
	 ('01','Azuay',2,NULL,NULL,NULL,NULL,NULL,NULL,1),
	 ('02','Bolivar',2,NULL,NULL,NULL,NULL,NULL,NULL,1),
	 ('03','Cañar',2,NULL,NULL,NULL,NULL,NULL,NULL,1),
	 ('04','Carchi',2,NULL,NULL,NULL,NULL,NULL,NULL,1),
	 ('05','Cotopaxi',2,NULL,NULL,NULL,NULL,NULL,NULL,1),
	 ('06','Chimborazo',2,NULL,NULL,NULL,NULL,NULL,NULL,1),
	 ('07','El Oro',2,NULL,NULL,NULL,NULL,NULL,NULL,1),
	 ('08','Esmeraldas',2,NULL,NULL,NULL,NULL,NULL,NULL,1),
	 ('09','Guayas',2,NULL,NULL,NULL,NULL,NULL,NULL,1);
INSERT INTO public.jgeografia (codigogeografia,nombre,nivel,status,fechacreacion,fechamodificacion,ipcreacion,ipmodificacion,fecharegistro,fkidgeografia) VALUES
	 ('10','Imbabura',2,NULL,NULL,NULL,NULL,NULL,NULL,1),
	 ('11','Loja',2,NULL,NULL,NULL,NULL,NULL,NULL,1),
	 ('12','Los Rios',2,NULL,NULL,NULL,NULL,NULL,NULL,1),
	 ('13','Manabi',2,NULL,NULL,NULL,NULL,NULL,NULL,1),
	 ('14','Morona Santiago',2,NULL,NULL,NULL,NULL,NULL,NULL,1),
	 ('15','Napo',2,NULL,NULL,NULL,NULL,NULL,NULL,1),
	 ('16','Pastaza',2,NULL,NULL,NULL,NULL,NULL,NULL,1),
	 ('17','Pichincha',2,NULL,NULL,NULL,NULL,NULL,NULL,1),
	 ('18','Tungurahua',2,NULL,NULL,NULL,NULL,NULL,NULL,1),
	 ('19','Zamora Chinchipe',2,NULL,NULL,NULL,NULL,NULL,NULL,1);
INSERT INTO public.jgeografia (codigogeografia,nombre,nivel,status,fechacreacion,fechamodificacion,ipcreacion,ipmodificacion,fecharegistro,fkidgeografia) VALUES
	 ('20','Galapagos',2,NULL,NULL,NULL,NULL,NULL,NULL,1),
	 ('21','Sucumbios',2,NULL,NULL,NULL,NULL,NULL,NULL,1),
	 ('22','Orellana',2,NULL,NULL,NULL,NULL,NULL,NULL,1),
	 ('23','Santo Domingo De Los Tsachilas',2,NULL,NULL,NULL,NULL,NULL,NULL,1),
	 ('24','Santa Elena',2,NULL,NULL,NULL,NULL,NULL,NULL,1);

--jmarcastarjetas

INSERT INTO public.jmarcastarjetas (codigomarcatarjeta,descripcionmarcatarjeta,fecharegistro) VALUES
	 ('10','Visa',NULL),
	 ('20','Mastercard',NULL),
	 ('80','Coopcard',NULL),
	 ('90','Tarjetas de Sistemas Cerrados',NULL);

--jpersonas

INSERT INTO public.jpersonas (identificacion,nombre,apellido,emailcliente,celular,telefono,direccion,fecharegistro,idgenero,idtipoidentificacion,idtipopersona,"extension", status) VALUES
	 ('0000000000','admin','jakaysa','admin@jakaysa.com','','','OTAVALO','2023-11-22 10:31:49.00421-05',2,1,1,NULL, True),
	 ('1600862096','ELVIA YOLANDA','CAMUENDO CASTAÑEDA','ecamuendo@pilahuintio.ec','0991481542','062999040','CALLE MODESTO JARAMILLO','2023-11-20 09:31:24.093006-05',2,1,1,NULL, True),
	 ('1720588621','LEYDI YULEIMY','ALBARRAN IPIALES','albarranleydi586@gmail.com','0968966009','062999040','SAN JUAN DE ILUMAN CALLE PRINCIPAL 12','2023-11-20 09:36:27.787237-05',2,1,1,NULL, True),
	 ('1004418875','CYNTHIA SUSANA','CALAPI FLORES','cynthi190197@hotmail.com','0959794956','062999040','COMUNIDAD DE SAN IGNACIO','2023-11-20 09:41:25.367425-05',2,1,1,NULL, True),
	 ('1004131270','SAMIA YUYARINA','BURGA SANTELLAN','samiaburga@gmail.com','0999840148','062999040','BARRIO CARDON BAJO CALLE PRINCIPAL 13','2023-11-20 09:44:53.538166-05',2,1,1,NULL, True),
	 ('1003573282','LUCIO TARQUINO','PILLAJO CHIZA','tpillajo10@gmail.com','0994010008','062999040','BARRIO CARDON BAJO CALLE PRINCIPAL 13','2023-11-20 10:11:48.122831-05',1,1,1,NULL, True),
	 ('1709825978','JAIRO ALFREDO','SANCHEZ MORA','jairo.sanchez@pilahuintio.ec','0999840148','062999040','CDLA. IMABAYA CALLE GENERAL RAMON VOZ MEDIANO','2023-11-20 10:16:55.059344-05',1,1,1,NULL, True),
	 ('1600710576','CHRISTIAN BLADIMIR','SISA MALIZA','csisa@pilahuintio.ec','0995268263','062999040','OTAVALO, CALLE 5','2023-11-22 10:31:49.00421-05',1,1,1,NULL, True);
INSERT INTO public.jpersonas (identificacion,nombre,apellido,emailcliente,celular,telefono,direccion,fecharegistro,idgenero,idtipoidentificacion,idtipopersona,"extension", status) VALUES
	 ('1005173776','KATERIN VANESA','GRANDA CABASCANGO','katerin286_@hotmail.com','0968776032','062999040','CALLE PRINCIPAL SUCRE Y MEJIA','2023-11-22 10:31:49.00421-05',2,1,1,NULL, True);

--jprioridades

INSERT INTO public.jprioridades (codigoprioridad,descripcionprioridad,duracionprioridad,fecharegistro) VALUES
	 ('M','Media','de 9 a 17 días termino',NULL),
	 ('B','Baja','de 16 a 30 días termino',NULL),
	 ('A','Alta','de 3 hasta 8 días','2023-09-07 10:38:36.597471-05');

--jroles

INSERT INTO public.jroles (nombrerol,descripcionrol,status,fechacreacion,fechamodificacion,ipcreacion,ipmodificacion,fecharegistro) VALUES
	 ('Supervisor','Asigna',NULL,'2023-07-31 16:35:30.416854-05',NULL,NULL,NULL,NULL),
	 ('Asistente','Recibe',NULL,'2023-07-31 16:35:30.416854-05',NULL,NULL,NULL,NULL),
	 ('Tecnico','Soluciona',NULL,'2023-07-31 16:35:30.416854-05',NULL,NULL,NULL,NULL),
	 ('Operador','Distribuye',true,'2023-09-27 12:54:14.76141-05','2023-09-27 12:54:14.76141-05','186.101.18.252',NULL,'2023-09-27 12:54:14.229349-05');

--jsucursales

INSERT INTO public.jsucursales (codigosucursal,nombresucursal,descripcionsucursal,direccionsucursal,telefonosucursal,status,fechacreacion,fechamodificacion,ipcreacion,ipmodificacion,fecharegistro,idcorporacion,idpais) VALUES
	 ('1','MATRIZ OTAVALO',NULL,'SUCRE 1212 Entre Morales y Salinas','062999040',NULL,'2023-07-31 16:34:45.745452-05',NULL,NULL,NULL,'2023-11-16 12:18:33.651777-05',1,11),
	 ('2','AGENCIA IBARRA','','Jaime Rivadeneira 680 y Mariano Acosta','062642780',NULL,'2023-11-16 12:26:38.914-05',NULL,NULL,NULL,'2023-11-16 12:27:27.076861-05',1,11),
	 ('3','AGENCIA ATUNTAQUI','','Calle Olmedo sn Entre Bolivar y Pasaje Julio Lopez','062910000',NULL,'2023-11-16 12:26:38.914-05',NULL,NULL,NULL,'2023-11-16 12:27:27.092924-05',1,11),
	 ('4','SUCURSAL TULCAN','','Bolivar sn y Panamá','062981285',NULL,'2023-11-16 12:26:38.914-05',NULL,NULL,NULL,'2023-11-16 12:27:27.109299-05',1,11),
	 ('5','AGENCIA QUITO CARAPUNGO','','Av. Padre Luis Vaccari  N14-147 y Rio Villorita','(02) 2010 013 / (02)2428 394',NULL,'2023-11-16 12:26:38.914-05',NULL,NULL,NULL,'2023-11-16 12:27:27.12384-05',1,11),
	 ('6','AGENCIA QUITO CENTRO','','PASAJE SUCRE ENTRE GARCÍA MORENO Y VENEZUELA','022954582',NULL,'2023-11-16 12:26:38.914-05',NULL,NULL,NULL,'2023-11-16 12:27:27.136136-05',1,11),
	 ('7','AGENCIA CAYAMBE','','Sucre OEO 44 y Rocafuerte','',NULL,'2023-11-16 12:26:38.914-05',NULL,NULL,NULL,'2023-11-16 12:27:27.149348-05',1,11),
	 ('8','AGENCIA  TUMBACO','','Juan Montalvo S1-172 y Gonzalo de Vera','022379218',NULL,'2023-11-16 12:26:38.914-05',NULL,NULL,NULL,'2023-11-16 12:27:27.404873-05',1,11),
	 ('9','AGENCIA  SANTO DOMINGO','','Av. De los Tsáchilas 272 y Calle Machala','022750 088',NULL,'2023-11-16 12:26:38.914-05',NULL,NULL,NULL,'2023-11-16 12:27:27.418767-05',1,11),
	 ('10','AGENCIA  PORTOVIEJO','','Av. América  y Reales Tamarindos','052654 913',NULL,'2023-11-16 12:26:38.914-05',NULL,NULL,NULL,'2023-11-16 12:27:27.670503-05',1,11);
INSERT INTO public.jsucursales (codigosucursal,nombresucursal,descripcionsucursal,direccionsucursal,telefonosucursal,status,fechacreacion,fechamodificacion,ipcreacion,ipmodificacion,fecharegistro,idcorporacion,idpais) VALUES
	 ('11','AGENCIA  MANTA','','AV 22  y Calle 13','052623 351',NULL,'2023-11-16 12:26:38.914-05',NULL,NULL,NULL,'2023-11-16 12:27:27.684278-05',1,11),
	 ('12','MONTECRISTI','','9 de Junio  y Manta','',NULL,'2023-11-16 12:26:38.914-05',NULL,NULL,NULL,'2023-11-16 12:27:27.709441-05',1,11);

--jtickettipos

INSERT INTO public.jtickettipos (descripciontipoticket,fecharegistro) VALUES
	 ('COBROS INDEBIDOS','2023-10-02 13:00:22.029531-05'),
	 ('RECLAMO TARJETAS','2023-10-02 13:00:22.029531-05'),
	 ('RECLAMOS GENERALES','2023-10-02 13:00:22.029531-05'),
	 ('CONTROL DE DOCUMENTOS','2023-10-02 13:00:22.029531-05');

--jtiporesoluciones

INSERT INTO public.jtiporesoluciones (codigotiporesoulcion,descripciontiporesolucion,fecharegistro) VALUES
	 ('FU','Favorable para el socio o cliente',NULL),
	 ('DU','Desfavorable para el socio o cliente',NULL),
	 ('PU','Parcialmente a favor del socio o cliente',NULL),
	 ('DS','Desistimiento del socio o cliente',NULL);

--jtiposcomentarios

INSERT INTO public.jtiposcomentarios (codigotipocomentario,descripciontipocomentario,fecharegistro) VALUES
	 ('01','Sugerencia','2023-10-02 12:15:24.42502-05'),
	 ('02','Reclamo','2023-10-02 12:15:24.42502-05'),
	 ('03','Consultas','2023-10-02 12:15:24.42502-05'),
	 ('04','Quejas','2023-10-02 12:15:24.42502-05'),
	 ('05','Felicitaciones','2023-10-02 12:16:28.849589-05');

--jtiposidentificaciones

INSERT INTO public.jtiposidentificaciones (codigotipoidentificacion,descripciontipoidentificacion,fecharegistro) VALUES
	 ('C','Cedula',NULL),
	 ('R','Ruc',NULL),
	 ('P','Pasaporte',NULL),
	 ('F','Refugiados',NULL),
	 ('X','Extranjeras',NULL);

--jtipospersonas

INSERT INTO public.jtipospersonas (codigotipopersona,descripciontipopersona,fecharegistro) VALUES
	 ('N','Persona natural',NULL),
	 ('J','Persona Jurídica',NULL);

--jtiposproductos

INSERT INTO public.jtiposproductos (codigotipoproducto,descripciontipoproducto,fecharegistro) VALUES
	 ('01','Obligaciones con el público: Cuentas de ahorros/cuenta básica/Depósitos a plazo',NULL),
	 ('02','Tarjetas de Crédito',NULL),
	 ('03','Cartera de Créditos',NULL);

--jtipostarjetas

INSERT INTO public.jtipostarjetas (codigotipotarjeta,descripciontipotarjeta,fecharegistro) VALUES
	 ('101','Tarjeta de Débito',NULL),
	 ('102','Tarjeta de Crédito',NULL),
	 ('103','Tarjeta Prepaga',NULL),
	 ('104','Tarjetas Adiccionales Extencion del Principal',NULL),
	 ('105','Otro',NULL);

--jtipostransacciones

INSERT INTO public.jtipostransacciones (codigotipotransaccion,descripciontipotransaccion,fecharegistro) VALUES
	 ('NC','Nacional',NULL),
	 ('IN','Internacional',NULL);

--jusuarios

INSERT INTO public.jusuarios (first_name,last_name,is_active,direccionmac,date_joined,fechamodificacion,ipcreacion,ipmodificacion,email,username,is_staff,is_superuser,last_login,"password",idcargo,iddepartamento,idpersona,idrol,fecharegistro) VALUES
	 ('SAMIA YUYARINA','BURGA SANTELLAN',true,'91:37:bd:f4:9d:08','2023-11-20 09:44:53.889169-05','2023-12-11 13:20:02.506618-05','186.101.60.82',NULL,'samiaburga@gmail.com','SAMIA',true,false,'2023-12-11 13:20:02.506509-05','pbkdf2_sha256$600000$rVMlIrbvjgG20q5igjburp$NF3t+bYswr7ZNjmTnYnvJHUSr1BjDy9u74QVnVFQLHU=',94,14,5,2,'2023-12-11 13:20:02.539876-05'),
	 ('ELVIA YOLANDA','CAMUENDO CASTAÑEDA',true,'91:37:bd:f4:9d:08','2023-11-20 09:31:24.35982-05','2023-12-12 10:28:23.830869-05','186.101.60.82',NULL,'ecamuendo@pilahuintio.ec','ELVIA',true,false,'2023-12-12 10:28:23.830762-05','pbkdf2_sha256$600000$sWoP78XdH7yipFzPJ2PZg8$7ee/3/hIJm7Q93R6wq+8eSb5qHmKzOJE7ISWSME7I3Q=',2,14,2,1,'2023-12-12 10:28:23.855734-05'),
	 ('JAIRO ALFREDO','SANCHEZ MORA',true,'91:37:bd:f4:9d:08','2023-11-20 10:16:55.050743-05','2023-11-22 10:32:25.027423-05','186.101.60.82',NULL,'jairo.sanchez@pilahuintio.ec','JAIRO',true,false,'2023-11-22 10:32:25.027423-05','pbkdf2_sha256$600000$ttkJFUw03xKzeQYYNrRgtm$ETf2MiZbcrJFZ9BlDiw82TqIz1SaysoxOHRuOXvPkQ8=',5,11,7,3,'2023-11-22 10:32:24.711376-05'),
	 ('KATERIN VANESA','GRANDA CABASCANGO',true,'91:37:bd:f4:9d:08','2023-11-20 09:23:57.375933-05','2023-12-12 10:28:55.646534-05','186.101.60.82',NULL,'katerin286_@hotmail.com','KATERIN',true,false,'2023-12-12 10:28:55.646422-05','pbkdf2_sha256$600000$wxmZeovxRHHwpQC0qGm3B1$iQgPrGVbb9EmG3hciNKenkiyMiwAyMArSHcmb/24soI=',8,4,9,1,'2023-12-12 10:28:55.67125-05'),
	 ('LEYDI YULEIMY','ALBARRAN IPIALES',true,'91:37:bd:f4:9d:08','2023-11-20 09:36:27.592731-05','2024-03-01 09:28:43.234862-05','186.101.60.82',NULL,'albarranleydi586@gmail.com','LEYDI',true,false,'2024-03-01 09:28:43.234862-05','pbkdf2_sha256$600000$1BQKMKqGRa36p66oDvVEU4$iEZcYXzi8ZZBGlpXVXBAfyVqcWRElC8Kwoew0N1OZEU=',94,14,3,2,'2024-03-01 09:30:29.145158-05');
INSERT INTO public.jusuarios (first_name,last_name,is_active,direccionmac,date_joined,fechamodificacion,ipcreacion,ipmodificacion,email,username,is_staff,is_superuser,last_login,"password",idcargo,iddepartamento,idpersona,idrol,fecharegistro) VALUES
	 ('admin','admin',true,'02:00:12:ac:42:02','2023-12-08 12:23:28.953617-05','2023-12-13 11:13:04.564304-05','44.218.148.166',NULL,'admin@jakaysa.com','admin',true,false,'2023-12-13 11:13:04.564193-05', 'pbkdf2_sha256$720000$LXQHPmsvmI8EB3awC9bAhJ$6DHkSm5L2FLKtPS/fFjQEEkVRXGnxYYjLhlNXMKHrLk=',3,1,1,1,'2023-12-13 11:13:04.599064-05'),
	 ('CYNTHIA SUSANA','CALAPI FLORES',true,'91:37:bd:f4:9d:08','2023-11-20 09:41:25.206758-05','2023-12-13 15:29:16.600688-05','186.101.60.82',NULL,'cynthi190197@hotmail.com','CYNTHIA',true,false,'2023-12-13 15:29:16.600575-05','pbkdf2_sha256$600000$8b2g55i88ZddIq4cRvUlbz$L9APkJrhFioozXRUg6qoqXI/Py2vfiN3Xe/UEIf0Mm0=',94,37,4,2,'2023-12-13 15:29:16.636379-05'),
	 ('LUCIO TARQUINO','PILLAJO CHIZA',true,'91:37:bd:f4:9d:08','2023-11-20 10:11:48.20688-05','2023-12-11 12:19:17.873646-05','186.101.60.82',NULL,'tpillajo10@gmail.com','LUCIO',true,false,'2023-12-11 12:19:17.873533-05','pbkdf2_sha256$600000$OpUNKUZjYrsPOqmHppuzPB$JhXAo/A9dc2tdIm5gxJteF350GRISZQppHKFKxp1I90=', 5,11,6,3,'2023-12-11 12:19:17.907185-05'),
	 ('CHRISTIAN BLADIMIR','SISA MALIZA',true,'91:37:bd:f4:9d:08','2023-11-17 17:31:56.230564-05','2024-02-15 08:20:13.409869-05','186.101.60.82',NULL,'csisa@pilahuintio.ec','CHRISTIAN',true,false,'2024-02-15 08:20:13.409698-05','pbkdf2_sha256$600000$NvTaXokQAKtcqQ5SDMwC3s$2+hnI7CfcK6xVrHfIqitY7bFOPVWL5St+jvfO0WT5fg=',25,14,8,1,'2024-02-15 08:20:13.441572-05');

--views

-- public.vcobrosindebios

CREATE OR REPLACE VIEW public.vcobrosindebios
AS SELECT tck.idtarea AS ticket,
    tck.codigo,
    corp.ruc AS ruccorporation,
    cod.codigotipoidentificacion AS tipoidentificacionsujeto,
    cli.identificacion AS identificacionsujeto,
    (cli.nombre::text || ' '::text) || cli.apellido::text AS nomapellidonomrazonsocial,
    can.codigocanalrecepcion AS canalrecepcion,
    pro.fechacreacion AS fecharecepcion,
    tptran.codigotipotransaccion AS tipotransaccion,
    con.codigoconcepto AS concepto,
        CASE
            WHEN tck.idestado <= 6 THEN 1
            ELSE 2
        END AS estadoreclamo,
    COALESCE(res.fecharesolucion, '0001-12-31 23:40:40-05:19:20 BC'::timestamp with time zone) AS fecharespuesta,
    COALESCE(tr.codigotiporesoulcion, ''::character varying) AS tiporesolucion,
    COALESCE(val.monto, 0::numeric) AS montorestituido,
    COALESCE(val.interesmonto, 0::numeric) AS interesmonto,
    COALESCE(val.totalmonto, 0::numeric) AS totalrestituido
   FROM jpersonas cli
     JOIN jtiposidentificaciones cod ON cod.idtipoidentificacion = cli.idtipoidentificacion
     JOIN jproblemas pro ON pro.idpersona = cli.idpersona
     JOIN jcanalesrecepciones can ON can.idcanalrecepcion = pro.idcanalrecepcion
     JOIN jtareasticket tck ON tck.idproblema = pro.idproblema
     JOIN jtipostransacciones tptran ON tptran.idtipotransaccion = pro.idtipotransaccion
     JOIN jconceptos con ON con.idconcepto = pro.idconcepto
     JOIN jsucursales suc ON suc.idsucursal = pro.idsucursal
     JOIN jcorporaciones corp ON corp.idcorporacion = suc.idcorporacion
     JOIN jestados es ON es.idestado = tck.idestado
     LEFT JOIN jresoluciones res ON res.idtarea = tck.idtarea
     LEFT JOIN jvaloresresoluciones val ON val.idresolucion = res.idresolucion
     LEFT JOIN jtiporesoluciones tr ON tr.idtiporesolucion = res.idtiporesolucion
  WHERE tck.indicador::text = 'P'::text;

-- public.vreportecobrosindebidos

CREATE OR REPLACE VIEW public.vreportecobrosindebidos
AS SELECT tck.idtarea AS ticket,
	tck.codigo,
    suc.nombresucursal AS nombredepartamento,
    cli.nombre,
    cli.apellido,
    cli.identificacion,
    cli.emailcliente,
    pro.fechacreacion AS date,
    pro.descripcionasunto,
    us.first_name,
    us.last_name
   FROM jtareasticket tck
     JOIN jproblemas pro ON pro.idproblema = tck.idproblema
     JOIN jsucursales suc ON suc.idsucursal = pro.idsucursal
     JOIN jpersonas cli ON cli.idpersona = pro.idpersona
     JOIN jusuarios us ON us.idusuario = pro.idusuario
  WHERE tck.indicador::text = 'P'::text AND pro.idtipoticket = 1;

-- public.vreportereclamosgenerales

CREATE OR REPLACE VIEW public.vreportereclamosgenerales
AS SELECT tck.idtarea AS ticket,
	tck.codigo,
    com.descripciontipocomentario AS comentario,
    COALESCE(suc_q.nombresucursal, ' '::character varying) AS agencia,
    COALESCE(dep_q.nombredepartamento, ' '::character varying) AS departamento,
    COALESCE((us_q.first_name::text || ' '::text) || us_q.last_name::text, ' '::text) AS usuario,
    pro.servicio,
    pro.descripcionasunto AS detail,
    (cli.nombre::text || ' '::text) || cli.apellido::text AS name,
    cli.telefono AS phone,
    cli.emailcliente AS email,
    cli.identificacion AS identification,
    pro.fechacreacion AS date
   FROM jtareasticket tck
     LEFT JOIN jproblemas pro ON pro.idproblema = tck.idproblema
     LEFT JOIN jtiposcomentarios com ON com.idtipocomentario = pro.idtipocomentario
     LEFT JOIN jusuarios us_q ON us_q.idusuario = pro.idusuarioproblema
     LEFT JOIN jdepartamentos dep_q ON dep_q.iddepartamento = pro.iddepartamentoproblema
     LEFT JOIN jsucursales suc_q ON suc_q.idsucursal = pro.idsucursalproblema
     LEFT JOIN jtarjetas cd ON cd.idtarjeta = pro.idtarjeta
     LEFT JOIN jpersonas cli ON cli.idpersona = pro.idpersona
     LEFT JOIN jusuarios us ON us.idusuario = pro.idusuario
  WHERE tck.indicador::text = 'P'::text AND pro.idtipoticket = 3;

-- public.vreportereclamostarjeta

CREATE OR REPLACE VIEW public.vreportereclamostarjeta
AS SELECT tck.idtarea AS ticket,
	tck.codigo,
    cli.nombre AS name,
    cli.apellido AS lastname,
    cd.numerotarjeta AS cardnumber,
    pro.descripcionasunto AS detail,
    (us.first_name::text || ' '::text) || us.last_name::text AS "user",
    suc.nombresucursal AS agency,
    cli.identificacion AS identification,
    cli.direccion AS address,
    cli.telefono AS phone,
    pro.fechacreacion AS date
   FROM jtareasticket tck
     JOIN jproblemas pro ON pro.idproblema = tck.idproblema
     JOIN jsucursales suc ON suc.idsucursal = pro.idsucursal
     JOIN jtarjetas cd ON cd.idtarjeta = pro.idtarjeta
     JOIN jpersonas cli ON cli.idpersona = pro.idpersona
     JOIN jusuarios us ON us.idusuario = pro.idusuario
  WHERE tck.indicador::text = 'P'::text AND pro.idtipoticket = 2;


-- public.vresoluciones

CREATE OR REPLACE VIEW public.vresoluciones
AS SELECT t.idtarea,
	t.codigo,
    r.idresolucion,
    (cli.nombre::text || ' '::text) || cli.apellido::text AS fullname,
    cli.emailcliente,
    suc.nombresucursal AS agency,
    (sol.first_name::text || ' '::text) || sol.last_name::text AS solver,
    tr.descripciontiporesolucion,
    c.descripcionclasificacion,
    r.descripcionresolucion,
    tptck.descripciontipoticket AS tickettype,
    r.fecharesolucion AS date
   FROM jresoluciones r
     LEFT JOIN jtareasticket t ON r.idtarea = t.idtarea
     LEFT JOIN jproblemas p ON t.idproblema = p.idproblema
     LEFT JOIN jtickettipos tptck ON tptck.idtipoticket = p.idtipoticket
     LEFT JOIN jpersonas cli ON cli.idpersona = p.idpersona
     LEFT JOIN jusuarios sol ON sol.idusuario = r.idusuariosolucion
     LEFT JOIN jdepartamentos dep ON dep.iddepartamento = sol.iddepartamento
     LEFT JOIN jsucursales suc ON suc.idsucursal = dep.idsucursal
     LEFT JOIN jtiporesoluciones tr ON tr.idtiporesolucion = r.idtiporesolucion
     LEFT JOIN jclasificacionesresoluciones c ON c.idclasificacionresolucion = r.idclasificacionresolucion;

-- public.vtareaestadocolor

CREATE OR REPLACE VIEW public.vtareaestadocolor
AS SELECT tr1.idtarea AS tarea,
    pro.numeroticket AS no_ticket,
    tr1.codigo,
    col.color,
    col.tiempoiniciocolor AS tiempo_inicial_del_color,
    col.tiempocolor AS tiempo_final_del_color,
    tr1.fechaasignacion,
    col.tiempooptimo,
    col.tiemporequerido,
    pro.idproblema,
    u.idusuario AS id_asignador,
    u.email AS usuario_asignador,
    ua.idusuario AS id_asignado,
    ua.email AS usuario_asignado,
    tr1.descripciontarea AS titulo_ticket,
    suc.nombresucursal AS agencia,
    (cli.nombre::text || ' '::text) || cli.apellido::text AS client,
    pro.descripcionasunto,
    pri.descripcionprioridad,
    tptr1.descripciontipoticket,
    com.descripciontipocomentario,
    et.descripcionestado,
        CASE
            WHEN col.tiempoiniciocolor < now() AND now() < col.tiempocolor THEN true
            ELSE false
        END AS now_state
   FROM jestadotareas col
     LEFT JOIN jtareasticket tr1 ON col.idtarea = tr1.idtarea
     LEFT JOIN jproblemas pro ON tr1.idproblema = pro.idproblema
     LEFT JOIN jusuarios u ON tr1.idusuarioqasigno = u.idusuario
     LEFT JOIN jusuarios ua ON tr1.idusuarioasignado = ua.idusuario
     LEFT JOIN jprioridades pri ON tr1.idprioridad = pri.idprioridad
     LEFT JOIN jsucursales suc ON pro.idsucursal = suc.idsucursal
     LEFT JOIN jpersonas cli ON pro.idpersona = cli.idpersona
     LEFT JOIN jtickettipos tptr1 ON pro.idtipoticket = tptr1.idtipoticket
     LEFT JOIN jtiposcomentarios com ON pro.idtipocomentario = com.idtipocomentario
     LEFT JOIN jestados et ON tr1.idestado = et.idestado
  WHERE tr1.idestado <> 7;

-- public.vtareas

CREATE OR REPLACE VIEW public.vtareas
AS SELECT tsk.idtarea AS tarea,
    tsk.codigo,
    pro.numeroticket AS ticket_no,
    tsk.descripciontarea AS titulo_tarea,
        CASE
            WHEN tsk.indicador::text = 'P'::text THEN pro.fechacreacion
            WHEN tsk.indicador::text = 'A'::text THEN tsk.fechaasignacion
            ELSE now()
        END AS fecha_creacion,
    tsk.fechaasignacion AS fecha_asignacion,
    tsk.fechaextension AS fecha_extension,
    sucr.nombresucursal AS sucursal,
    cre.idusuario AS idcreador,
    per.identificacion AS cedula,
    (cre.first_name::text || ' '::text) || cre.last_name::text AS creador,
    (per.nombre::text || ' '::text) || per.apellido::text AS nombre_cliente,
    users.idusuario AS idtecnico,
    (users.first_name::text || ' '::text) || users.last_name::text  AS nombres_tecnico,
    car.descripcioncargo AS cargo,
    dep.nombredepartamento AS departamento_usuario_asignado,
    sucr_u.nombresucursal AS sucursal_usuario_asignado,
    tptck.descripciontipoticket AS tipo_reclamo,
    tpcomm.descripciontipocomentario AS tipo_comentario,
    prio.descripcionprioridad AS prioridad,
    est.descripcionestado AS estado,
    tsk.fechaentrega,
    res.fecharesolucion,
    tsk.indicador,
    tsk.tareaprincipal
   FROM jtareasticket tsk
     LEFT JOIN jproblemas pro ON pro.idproblema = tsk.idproblema
     LEFT JOIN jsucursales sucr ON sucr.idsucursal = pro.idsucursal
     LEFT JOIN jpersonas per ON per.idpersona = pro.idpersona
     LEFT JOIN jusuarios cre ON cre.idusuario = pro.idusuario
     LEFT JOIN jusuarios users ON users.idusuario = tsk.idusuarioasignado
     LEFT JOIN jcargos car ON car.idcargo = users.idcargo
     LEFT JOIN jdepartamentos dep ON dep.iddepartamento = users.iddepartamento
     LEFT JOIN jsucursales sucr_u ON sucr_u.idsucursal = dep.idsucursal
     LEFT JOIN jtickettipos tptck ON tptck.idtipoticket = pro.idtipoticket
     LEFT JOIN jtiposcomentarios tpcomm ON tpcomm.idtipocomentario = pro.idtipocomentario
     LEFT JOIN jprioridades prio ON prio.idprioridad = pro.idprioridad
     LEFT JOIN jestados est ON est.idestado = tsk.idestado
     LEFT JOIN jresoluciones res ON res.idtarea = tsk.idtarea;

-- public.vusers

CREATE OR REPLACE VIEW public.vusers
AS SELECT users.idusuario,
    users.first_name AS nombres,
    users.last_name AS apellidos,
    users.is_active,
    users.date_joined,
    users.fechamodificacion,
    users.email,
    users.username,
    users.last_login,
    car.idcargo,
    car.descripcioncargo AS cargo,
    dep.iddepartamento,
    dep.nombredepartamento AS departamento,
    sucr.idsucursal,
    sucr.nombresucursal AS sucursal,
    per.idpersona,
    per.identificacion,
    per.celular,
    per.telefono,
    per.extension,
    per.direccion,
    gen.idgenero,
    gen.descripciongenero,
    typeid.idtipoidentificacion,
    typeid.descripciontipoidentificacion,
    typeper.idtipopersona,
    typeper.descripciontipopersona,
    rol.idrol,
    rol.nombrerol AS rol
   FROM jusuarios users
     LEFT JOIN jcargos car ON car.idcargo = users.idcargo
     LEFT JOIN jdepartamentos dep ON dep.iddepartamento = users.iddepartamento
     LEFT JOIN jsucursales sucr ON sucr.idsucursal = dep.idsucursal
     LEFT JOIN jpersonas per ON per.idpersona = users.idpersona
     LEFT JOIN jgeneros gen ON gen.idgenero = per.idgenero
     LEFT JOIN jtiposidentificaciones typeid ON typeid.idtipoidentificacion = per.idtipoidentificacion
     LEFT JOIN jtipospersonas typeper ON typeper.idtipopersona = per.idtipopersona
     LEFT JOIN jroles rol ON rol.idrol = users.idrol;

-- public.vvaloresresoluciones

CREATE OR REPLACE VIEW public.vvaloresresoluciones
AS SELECT v.idvaloresresoluciones,
    r.idresolucion,
    r.numeroresolucion,
    t.codigo,
    p.numeroticket,
    tr.descripciontiporesolucion,
    v.monto,
    v.interesmonto,
    v.totalmonto,
    v.observacionmonto
   FROM jvaloresresoluciones v
     LEFT JOIN jresoluciones r ON r.idresolucion = v.idresolucion
     LEFT JOIN jtareasticket t ON r.idtarea = t.idtarea
     LEFT JOIN jproblemas p ON t.idproblema = p.idproblema
     LEFT JOIN jtiporesoluciones tr ON tr.idtiporesolucion = r.idtiporesolucion;

-- public.vseguimientotareas

CREATE OR REPLACE VIEW public.vseguimientotareas
AS SELECT seg.idseguimientotarea,
    seg.tituloseguimientotarea,
    seg.detalleresolucion,
    seg.status,
    seg.fechacreacion,
    seg.fechamodificacion,
    seg.fecharegistro,
    seg.idtarea,
    task.codigo,
    task.indicador,
    task.descripciontarea,
    task.tareaprincipal,
    seg.idusuario,
    (us.first_name::text || ' '::text) || us.last_name::text AS usuario
   FROM jseguimientostareas seg
     LEFT JOIN jusuarios us ON us.idusuario = seg.idusuario
     LEFT JOIN jtareasticket task ON task.idtarea = seg.idtarea;

 -- public.vtareasemail

CREATE OR REPLACE VIEW public.vtareasemail
AS SELECT t.idtarea,
    t.codigo,
    (cli.nombre::text || ' '::text) || cli.apellido::text AS fullname,
    cli.emailcliente,
    suc.nombresucursal AS agency,
    tptck.descripciontipoticket AS tickettype,
    t.fechaasignacion AS date
   FROM jtareasticket t
     LEFT JOIN jproblemas p ON t.idproblema = p.idproblema
     LEFT JOIN jtickettipos tptck ON tptck.idtipoticket = p.idtipoticket
     LEFT JOIN jpersonas cli ON cli.idpersona = p.idpersona
     LEFT JOIN jresoluciones r ON t.idtarea = r.idtarea
     LEFT JOIN jusuarios sol ON sol.idusuario = r.idusuariosolucion
     LEFT JOIN jdepartamentos dep ON dep.iddepartamento = sol.iddepartamento
     LEFT JOIN jsucursales suc ON suc.idsucursal = dep.idsucursal
     LEFT JOIN jtiporesoluciones tr ON tr.idtiporesolucion = r.idtiporesolucion
     LEFT JOIN jclasificacionesresoluciones c ON c.idclasificacionresolucion = r.idclasificacionresolucion;

-- public.vtareasrechazadas

CREATE OR REPLACE VIEW public.vtareasrechazadas
AS SELECT tsk.idtarea AS tarea,
    tsk.codigo,
    pro.numeroticket AS ticket_no,
    tsk.descripciontarea AS titulo_tarea,
    tsk.fechaasignacion AS fecha_asignacion,
    tsk.fechaentrega AS fecha_entrega,
    sucr.nombresucursal AS sucursal,
    per.identificacion AS cedula,
    (per.nombre::text || ' '::text) || per.apellido::text AS nombre_cliente,
    tsk.idusuarioqasigno AS idasignador,
    (userasign.first_name::text || ' '::text) || userasign.last_name::text AS nombre_asignador,
    users.idusuario AS idasignado,
    (users.first_name::text || ' '::text) || users.last_name::text AS nombre_asignado,
    car.descripcioncargo AS cargo,
    dep.nombredepartamento AS departamento_usuario_asignado,
    sucr_u.nombresucursal AS sucursal_usuario_asignado,
    tptck.descripciontipoticket AS tipo_reclamo,
    tpcomm.descripciontipocomentario AS tipo_comentario,
    prio.descripcionprioridad AS prioridad,
    est.descripcionestado AS estado,
    tsk.fechaentrega,
    tsk.indicador,
    tsk.tareaprincipal
   FROM jtareasticket tsk
     LEFT JOIN jproblemas pro ON pro.idproblema = tsk.idproblema
     LEFT JOIN jsucursales sucr ON sucr.idsucursal = pro.idsucursal
     LEFT JOIN jpersonas per ON per.idpersona = pro.idpersona
     LEFT JOIN jusuarios userasign ON userasign.idusuario = tsk.idusuarioqasigno
     LEFT JOIN jusuarios users ON users.idusuario = tsk.idusuarioasignado
     LEFT JOIN jcargos car ON car.idcargo = users.idcargo
     LEFT JOIN jdepartamentos dep ON dep.iddepartamento = users.iddepartamento
     LEFT JOIN jsucursales sucr_u ON sucr_u.idsucursal = dep.idsucursal
     LEFT JOIN jtickettipos tptck ON tptck.idtipoticket = pro.idtipoticket
     LEFT JOIN jtiposcomentarios tpcomm ON tpcomm.idtipocomentario = pro.idtipocomentario
     LEFT JOIN jprioridades prio ON prio.idprioridad = pro.idprioridad
     LEFT JOIN jestados est ON est.idestado = tsk.idestado
  WHERE tsk.indicador::text = 'A'::text AND tsk.idestado = 8;

-- public.vemailnotificaciones

CREATE OR REPLACE VIEW public.vemailnotificaciones
AS SELECT tsk.idtarea AS tarea,
    tsk.codigo,
    tsk.descripciontarea AS titulo_tarea,
    tsk.fechaasignacion AS fecha_asignacion,
    tsk.fechaentrega,
    sucr.nombresucursal AS sucursal_ticket,
    users.idusuario AS idtecnico,
    (users.first_name::text || ' '::text) || users.last_name::text AS nombres_tecnico,
    users.email AS email_asignado,
    car.descripcioncargo AS cargo_asignado,
    dep.nombredepartamento AS departamento_usuario_asignado,
    sucr_u.nombresucursal AS sucursal_usuario_asignado,
    u.idusuario AS id_asignador,
    (u.first_name::text || ' '::text) || u.last_name::text AS nombres_asignador,
    u.email AS email_asignador,
    car_u.descripcioncargo AS cargo_asignador,
    tptck.descripciontipoticket AS tipo_reclamo,
    tpcomm.descripciontipocomentario AS tipo_comentario,
    prio.descripcionprioridad AS prioridad,
    est.descripcionestado AS estado,
    tsk.indicador,
    tsk.tareaprincipal,
    latest.detalleresolucion AS detalles_rechazo,
    latest.max_fechacreacion
   FROM jtareasticket tsk
     LEFT JOIN jproblemas pro ON pro.idproblema = tsk.idproblema
     LEFT JOIN jsucursales sucr ON sucr.idsucursal = pro.idsucursal
     LEFT JOIN jpersonas per ON per.idpersona = pro.idpersona
     LEFT JOIN jusuarios users ON users.idusuario = tsk.idusuarioasignado
     LEFT JOIN jcargos car ON car.idcargo = users.idcargo
     LEFT JOIN jdepartamentos dep ON dep.iddepartamento = users.iddepartamento
     LEFT JOIN jsucursales sucr_u ON sucr_u.idsucursal = dep.idsucursal
     LEFT JOIN jusuarios u ON u.idusuario = tsk.idusuarioqasigno
     LEFT JOIN jcargos car_u ON car_u.idcargo = u.idcargo
     LEFT JOIN jtickettipos tptck ON tptck.idtipoticket = pro.idtipoticket
     LEFT JOIN jtiposcomentarios tpcomm ON tpcomm.idtipocomentario = pro.idtipocomentario
     LEFT JOIN jprioridades prio ON prio.idprioridad = pro.idprioridad
     LEFT JOIN jestados est ON est.idestado = tsk.idestado
     LEFT JOIN ( SELECT t.idtarea,
            ( SELECT jseguimientostareas.detalleresolucion
                   FROM jseguimientostareas
                  WHERE jseguimientostareas.idtarea = t.idtarea AND jseguimientostareas.fechacreacion = max(t.fechacreacion) AND jseguimientostareas.tituloseguimientotarea::text = 'Tarea rechazada'::text) AS detalleresolucion,
            max(t.fechacreacion) AS max_fechacreacion
           FROM jseguimientostareas t
          WHERE t.tituloseguimientotarea::text = 'Tarea rechazada'::text
          GROUP BY t.idtarea) latest ON latest.idtarea = tsk.idtarea;